Lineage	Mean.Tree.Ratio	Mean.Total.Ratio	Mean.Total.Ratio.Var	Mean.Tree.Av.AD	Mean.Total.Av.AD	Mean.Sig
B.1.596	0.0494507612178351	0.638338200045702	0.0349359201810047	0	29.1377409940236	0.497101987348654
B.1.2	0.0315617264388626	0.643950674034917	0.029319209227342	0	28.5153045446829	0.507437915617692
B.1.595	0.0163690476190476	0.644874967576102	0.0293580239669342	0	27.1240807567338	0.451492606855267
B.1	0.000400091309182218	0.648430422524734	0.0266705755240251	0	27.4885051778539	0.480935282009137
B.1.234	0.0144230769230769	0.625721985400991	0.0268493498319137	0	26.4650087198341	0.471644615045494
B.1.1.433	0	0.678374442878018	0.0473434574711596	0	29.1395781119465	0.520560831003947
N.5	0	0.909090909090909	0.0909090909090909	0	31.3333333333333	0.5875
B.1.1.333	0	0.784460052677788	0.0886742756804212	0	31.3095238095238	0.560823170731708
N.7	0	0.88	0.08	0	31.3333333333333	0.5875
AP.1	0	0.783288125376733	0.0977245328511152	0	30.0116959064327	0.556903400063553
N.3	0	0.863636363636364	0.0909090909090909	0	31.3333333333333	0.5875
N.6	0	0.71056338028169	0.0697183098591549	0	29.5238095238095	0.694620722177311
N.4	0	0.757913739266198	0.0627537080405933	0	30.6349206349206	0.557120722177311
N.1	0	0.798076923076923	0.0697115384615384	0	31.3333333333333	0.5875
B.1.1.348	0	0.67539083267347	0.0539007801685109	0	30.617673814165	0.530055868611838
B.1.1.301	0	0.842105263157895	0.105263157894737	0	31.3333333333333	0.5875
N.9	0	0.82	0.08	0	31.3333333333333	0.5875
B.1.1.332	0	0.80952380952381	0.104761904761905	0	31.3333333333333	0.5875
N.8	0	0.833333333333333	0.0833333333333333	0	31.3333333333333	0.5875
B.1.1.382	0	0.73987108655617	0.0693677102516881	0	31.9666666666667	0.575756920415225
B.1.1	0	0.639018704236373	0.0397238170718563	0	28.9219916183087	0.516329122426395
B.1.177.45	0	0.656262351892694	0.0391492600601512	0	17.6498383968972	0.358496253844964
B.1.1.432	0	0.667404580532327	0.0460986598201427	0	30.5957671957672	0.554185141896319
B.1.1.51	0	0.689290142042436	0.0395463615647102	0	27.3922558922559	0.520923480613076
K.1	0	0.725724175623975	0.0554745855347057	0	28.7142857142857	0.55670585412668
B.1.1.33	0	0.727709944052872	0.0603834246372779	0	30.1012977262977	0.553518855619854
AE.8	0	0.677932508376547	0.076392985000041	0	29.508658008658	0.518616629058866
B.1.1.70	0	0.645852391333072	0.047264675910347	0	28.9732597811545	0.547623623508232
B.1.1.218	0	0.691216172261254	0.05779989591465	0	30.9791666666667	0.579988354037267
B.1.1.464	0	0.702825264212913	0.0556840838128247	0	29.673088150262	0.564810126788149
B.1.177	0	0.610169028605452	0.0426133360934294	0	12.4066209837785	0.281238705268879
B.1.1.306	0	0.6227613199646	0.0754849339371694	0	28.7122935836094	0.543493953433469
B.1.169	0	0.672258353997107	0.0370184555909179	0	29.5235260770975	0.488716011319337
B.1.1.10	0	0.688404768013321	0.0533414973545485	0	32.8357775539114	0.532173869806969
B.1.1.393	0	0.78	0.08	0	31.3333333333333	0.5875
B.1.1.418	0	0.742105263157895	0.102631578947369	0	31.3333333333333	0.5875
B.1.1.298	0	0.627587001430174	0.0645191212342634	0	30.4192754753416	0.602190990915663
AQ.1	0	0.8	0.133333333333333	0	31.3333333333333	0.5875
B.1.1.83	0	0.642099944585002	0.0406651402239811	0	31.047984092627	0.531593931002501
L.1	0	0.785714285714286	0.0714285714285714	0	31.3333333333333	0.5875
B.1.1.28	0	0.647566181064442	0.085966521466243	0	23.7602564102564	0.472630786271963
C.2.1	0	0.662087912087912	0.0549450549450549	0	28	1
B.1.1.369	0	0.669289746123825	0.0555757932377661	0	28.2320887445887	0.790649257264623
B.1.1.277	0	0.646342784406991	0.0357485362977759	0	27.4548675610595	0.504064708102235
B.1.1.8	0	0.644206983937868	0.0518340626228412	0	26.162962962963	0.435700669734245
B.1.1.289	0	0.715558274671575	0.0699179122824443	0	29.0816326530612	0.573289833314085
N.2	0	0.777777777777778	0.0740740740740741	0	31.3333333333333	0.5875
B.1.1.519	0	0.64554514826276	0.0445631621133272	0	28.9445045695046	0.508884762453133
B.1.544	0	0.665172469322376	0.0269688731536607	0	25.7740835464621	0.46123584717892
B.1.1.253	0	0.666794623194268	0.0389932548947253	0	29.6439393939394	0.529743860322333
B.1.1.434	0	0.678932847973944	0.0607781487918474	0	29.3154761904762	0.544375084253975
C.34	0	0.67032967032967	0.0527472527472527	0	28	1
B.1.1.312	0	0.671265456658204	0.0659492503757595	0	30.2070707070707	0.548995906881555
K.3	0	0.761904761904762	0.0952380952380952	0	31.3333333333333	0.5875
B.1.1.291	0	0.658662460022589	0.0377066316362316	0	28.8073079869906	0.525931129751825
B.1.1.198	0	0.655597042246792	0.0353321608433546	0	27.7775757575758	0.499759946538331
B.1.1.209	0	0.726153846153846	0.0784615384615384	0	31.3333333333333	0.5875
B.1.221.4	0	0.75	0.125	0	26.5	0.395522388059701
B.1.1.311	0	0.663783933755471	0.0520709524504591	0	27.7686111111111	0.59954537172917
B.1.1.464.1	0	0.695557491289199	0.0469294425087108	0	29.0104166666667	0.526828602620087
B.1.1.448	0	0.69756255318982	0.0515893226584663	0	29.1312925170068	0.527485492132176
B.1.1.317	0	0.693904812241228	0.0577817023518106	0	31.3238095238095	0.640217879604672
B.1.1.340	0	0.631112730068035	0.0585079521023783	0	28.8007401315789	0.523098834205191
B.1.1.50	0	0.647996611445505	0.0376389953758432	0	29.2994227994228	0.514593356706835
B.1.1.222	0	0.672556354916067	0.0632805474918311	0	29.025	0.635307532550523
AQ.2	0	0.75	0.125	0	31.3333333333333	0.5875
C.17	0	0.644394569275564	0.0411202869649199	0	29.0916666666667	0.765301539171677
C.35	0	0.635456769819372	0.0433789900106526	0	26.9903825219615	0.661391789927057
B.1.1.1	0	0.61595844262107	0.0408053300484203	0	27.8873652441834	0.754985216201915
AD.2.1	0	0.700949367088608	0.0735759493670886	0	28.25	0.765734265734266
B.1.177.75	0	0.634271650492092	0.04237991741656	0	8.03333333333333	0.134979410523692
B.1.177.19	0	0.701086956521739	0.0467391304347826	0	1	0.0147058823529412
B.1.1.351	0	0.655787813160076	0.0481077473100414	0	32.5244444444444	0.558304483431956
B.1.362	0	0.688108709000945	0.0297883029245155	0	29.4607843137255	0.491345638190232
L.4	0	0.741935483870968	0.0967741935483871	0	34.6	0.544025157232704
B.1.369	0	0.657868624018907	0.0298561738067204	0	15.1164021164021	0.203938944812479
K.2	0	0.681017731357785	0.0574447413164925	0	28.6111111111111	0.528156438631791
B.1.1.279	0	0.704694170486642	0.0631069129971755	0	30.3888888888889	0.568822843822844
D.3	0	0.739130434782609	0.0869565217391304	0	31.3333333333333	0.5875
B.1.503	0	0.705001425879086	0.0230493354163567	0	31.5	0.417411460073505
B.1.1.273	0	0.660535883932701	0.0415569917734557	0	27.7553188131313	0.501429526813451
B.1.1.517	0	0.675438596491228	0.0701754385964913	0	31.3333333333333	0.5875
B.1.177.62	0	0.659787449392712	0.0483502024291498	0	13.075	0.268848203528468
B.1.3	0	0.684346816423211	0.0196382696062871	0	28.9480042016807	0.472352958348918
L.2	0	0.733333333333333	0.0666666666666667	0	31.3333333333333	0.5875
B.1.1.326	0	0.681254002764014	0.0557188964168942	0	28.8333333333333	0.52772605795565
AA.7	0	0.639393939393939	0.0560606060606061	0	1	0.0147058823529412
Z.1	0	0.629895190285285	0.0487094022798664	0	13.58	0.285348833093045
B.1.177.65	0	0.62306603533657	0.0538252523702538	0	12.6038529371863	0.313765354543171
B.1.575.1	0	0.713419405320813	0.0139866979655712	0	29.5	0.404109589041096
B.1.177.51	0	0.644266788551748	0.0395322799778594	0	19.8025641025641	0.376820313464149
B.1.291	0	0.680736646154987	0.0304971356843217	0	30.3988095238095	0.481522902222992
B.1.517	0	0.637920482004896	0.0214886559482479	0	30.075935828877	0.475171625777151
B.1.1.416	0	0.699186991869919	0.0500312695434647	0	31.3333333333333	0.5875
B.6.7	0	0.641520576803265	0.0225885764432855	0	23.0166666666667	0.357812684021448
B.1.1.521	0	0.666612228205251	0.0453472650194086	0	31.1106926406926	0.547620719831443
B.1.1.487	0	0.657534514897699	0.0416699004521055	0	31.424025974026	0.543468930672636
B.1.1.52	0	0.670764524979982	0.0373295677745327	0	32.0055555555555	0.56822492012356
B.1.1.153	0	0.664112306970196	0.0345126976485198	0	29.5607843137255	0.538694747646784
B.1.1.189	0	0.635572781411065	0.0407680465310426	0	29.2830797485343	0.527418675923046
B.1.1.181	0	0.687165775401069	0.0845216874628637	0	28.175	0.518325328375424
V.1	0	0.671328671328671	0.0839160839160839	0	1	0.0147058823529412
B.1.293	0	0.648743068910627	0.0203982632889501	0	27.6433452168746	0.478397114229002
B.1.177.86	0	0.655818361733867	0.0339926846679001	0	19.9233333333333	0.391913313849246
B.1.362.1	0	0.725806451612903	0.0161290322580645	0	29.5	0.404109589041096
B.1.1.54	0	0.670114792611672	0.0430294674756714	0	27.76	0.485702837822134
B.1.177.81	0	0.657626011999663	0.0284193185645627	0	13.0173789173789	0.193165176114339
L.3	0	0.669211822660098	0.0463875205254515	0	29.3508771929825	0.541605100095329
B.1.336	0	0.676410855720141	0.0184646610117471	0	28.5386597063068	0.452064336321995
B.1.608	0	0.669272460205156	0.0307020423739178	0	27.5148809523809	0.457113600569342
B.1.428.1	0	0.723076923076923	0.0153846153846154	0	34.6666666666667	0.538860103626943
B.1.615	0	0.689181286549708	0.0174707602339182	0	28.25	0.457885698310636
B.1.177.15	0	0.598345373214893	0.0358286256734333	0	15.4569597069597	0.256808406665242
B.1.362.2	0	0.721311475409836	0.0163934426229508	0	29.5	0.404109589041096
B.1.499	0	0.641779677459523	0.0150034315897382	0	29.5	0.404109589041096
C.16	0	0.673879353437439	0.0500582997839117	0	28.28125	0.563654766976908
B.1.416	0	0.668139783773096	0.0283017618280334	0	27.5282051282051	0.433041452830363
B.1.22	0	0.655495506529694	0.0253073472449745	0	29.5	0.404109589041096
B.1.177.17	0	0.640871953435341	0.0437619837340933	0	12.5296703296703	0.260440417932149
B.1.413	0	0.650784046257392	0.0187885599841789	0	27.7738095238095	0.485107677082688
B.1.1.117	0	0.677327728854823	0.0455815280445822	0	31.9666666666667	0.575756920415225
B.1.613	0	0.71875	0.03125	0	20.3333333333333	0.316062176165803
B.1.177.42	0	0.645289735582188	0.048770201924869	0	10.4270833333333	0.203533089976444
B.1.1.335	0	0.666084963507184	0.0195882092338692	0	28.8626050420168	0.484601936074158
B.1.265	0	0.675560431445228	0.0221628121101951	0	28.6666666666667	0.44533231861999
B.1.1.376	0	0.669784443369349	0.044260334354674	0	30.6190476190476	0.539336169331782
B.1.137	0	0.716049382716049	0.0123456790123457	0	29.5	0.404109589041096
B.1.301	0	0.664031918737279	0.0156436852182387	0	28.0869565217391	0.442787472968609
B.1.214	0	0.675884065100644	0.0254449522080852	0	27.1333333333333	0.410115888001469
B.1.177.60	0	0.597807241277885	0.0378973320388788	0	8.61020299145299	0.188730333870988
B.1.525	0	0.702213279678068	0.0141851106639839	0	29.5	0.404109589041096
B.1.239	0	0.643967756684574	0.0204009137158186	0	29.3837560386473	0.487256947981077
B.1.428	0	0.672959547439783	0.0241637739969362	0	29.4041666666667	0.507485876000595
B.1.333	0	0.658149431946018	0.0264359274391351	0	27.5208333333333	0.406007777196755
B.1.1.269	0	0.663586771801807	0.0431584332615536	0	30.3775252525252	0.543375718039954
B.1.1.378	0	0.66934942991281	0.0902079141515762	0	30.9166666666667	0.560708424507659
AE.6	0	0.714285714285714	0.214285714285714	0	30.6	0.550359712230216
B.1.1.375	0	0.660130933942334	0.0565813024512825	0	27.1481481481481	0.815025252525252
C.36	0	0.642204394734943	0.0393054055071281	0	29.447337962963	0.756972525035677
W.1	0	0.626373626373626	0.0430402930402931	0	1	0.0147058823529412
B.1.177.87	0	0.622163951957506	0.0424492812324655	0	10.8623076923077	0.280735424431181
A	0	0.57333860282456	0.019332450789483	0	21.9096177944862	0.32019873531357
B.1.359	0	0.671747770814416	0.0189871533411733	0	28.3235294117647	0.481770626007236
B.1.110.3	0	0.671444769014932	0.0213687866900233	0	29.3720821661998	0.468049421029816
B.1.358	0	0.677849019158843	0.0201702160140447	0	31.1007751937984	0.542618792007288
B.1.177.12	0	0.622868509568057	0.0452638041892918	0	19.6835707502374	0.426932101392387
B.1.576	0	0.649186918517969	0.0247784032635498	0	28.0015235039139	0.46969010359452
B.1.39	0	0.680894637368105	0.0168439802521713	0	28.3003875968992	0.457696783665075
AK.2	0	0.711111111111111	0.0444444444444444	0	31.3333333333333	0.5875
B.1.334	0	0.664393830187258	0.0239037322148049	0	28.7426470588235	0.471706831991654
B.1.12	0	0.683141935627874	0.0200999477064162	0	30.7124183006536	0.4672288667073
B.1.586	0	0.646038866104656	0.0298696551986026	0	29.75	0.447421927387681
B.1.1.137	0	0.674288799021938	0.0361571448186994	0	30.3333333333333	0.549222666439202
B.1.1.166	0	0.644602108195306	0.0393898976861004	0	28.0396468007493	0.48755112329654
B.1.195	0	0.670524910807439	0.0206558932358319	0	27.4183673469388	0.459124063455329
B.1.524	0	0.673765528797999	0.0201253868536106	0	33.9833333333333	0.470495008876734
A.2	0	0.709677419354839	0.0161290322580645	0	29.5	0.404109589041096
B.1.210	0	0.681863003334778	0.0212237559071051	0	26.4285714285714	0.409034939202709
B.1.1.170	0	0.654302604501186	0.0395468229105224	0	28.7626262626263	0.52371650940828
B.1.423	0	0.680632411067194	0.0235836627140975	0	28.25	0.457885698310636
B.1.201	0	0.671137783253516	0.0161503354993409	0	33.8333333333333	0.412504035791707
B.1.350	0	0.672584541062802	0.0231723027375201	0	30.3888888888889	0.502004708911408
B.1.1.316	0	0.667835884353742	0.0369632227891156	0	30.8095238095238	0.564715541632983
D.5	0	0.708333333333333	0.0833333333333333	0	31.3333333333333	0.5875
B.1.177.44	0	0.617300847749676	0.0435177726943984	0	15.5558069381599	0.360404782360094
B.1.177.21	0	0.636092638679335	0.0379181926250774	0	19.6969252017046	0.392969531662164
B.1.177.4	0	0.621637647633378	0.0393504059902903	0	18.268253968254	0.339378503145527
B.1.1.220	0	0.63195268195187	0.0445249689005884	0	32.4222222222222	0.573008385744235
B.1.384	0	0.623696070406893	0.0137707436577539	0	29.2685185185185	0.405238102011883
B.1.302	0	0.667473239921672	0.0230699306019966	0	28.7738095238095	0.495743431474223
B.1.289	0	0.672409746505103	0.0140624387836863	0	29.1586190226751	0.429597757698384
M.1	0	0.683159245006414	0.0403151914971596	0	29.9166666666667	0.559484265734266
B.1.40	0	0.662832255567821	0.0221101193956906	0	27.0595238095238	0.469653484953586
B.1.315	0	0.681870781099325	0.0219222115075539	0	27.6166666666666	0.457345799811554
B.1.541	0	0.687873808867237	0.0286321889266783	0	26.875	0.417339509805263
B.1.36.9	0	0.651292335115865	0.0162655971479501	0	29.5	0.404109589041096
B.1.192	0	0.63586840715929	0.0160503210276912	0	29.2333333333333	0.413122239688599
B.1.243	0	0.639272686225931	0.0290951413244508	0	25.6251552917142	0.483767082341087
B.1.564	0	0.652472385185248	0.0291068267863342	0	23.1555727189048	0.400154621924454
B.1.177.9	0	0.606273931848317	0.0509239715248536	0	9.79047619047619	0.227575992297071
B.1.371	0	0.65174800212518	0.0269914874724053	0	26.7710960537048	0.492732365589572
B.1.366	0	0.678876953876954	0.022506545006545	0	32.5476190476191	0.458440899150046
B.1.1.440	0	0.656362731121018	0.0456843978943426	0	29.3181818181818	0.517023421958052
B.1.438	0	0.661571983286203	0.0153911652719317	0	32.75	0.410405424104054
B.1.340	0	0.664414634449203	0.0213895845559495	0	27.950983436853	0.451663853380397
B.1.160	0	0.628499827698934	0.0260987738507173	0	27.0123881721606	0.447138227753025
B.1.177.54	0	0.610362206747289	0.0476066567661025	0	9.74285714285714	0.189904475556289
B.1.108	0	0.680843356035358	0.0220257933632807	0	31.8333333333333	0.43607305936073
B.1.1.397	0	0.637491349058122	0.0414837529224252	0	29.5245834973108	0.572776922431315
B.1.104	0	0.667548127776602	0.0149495804245116	0	28.25	0.465943683409437
B.1.473	0	0.645706035200355	0.0205770164712268	0	28.0287523407728	0.494062554760339
B.1.499.1	0	0.7	0.0166666666666667	0	29.5	0.404109589041096
B.1.324	0	0.649269381649854	0.0236322295602932	0	31.6892361111111	0.470782203442138
B.1.439	0	0.681236673773987	0.0200544894574746	0	20	0.276209113782499
B.1.466.1	0	0.643269230769231	0.0173076923076923	0	29.5	0.404109589041096
AG.1	0	0.688028169014084	0.0567404426559356	0	31.2857142857143	0.534146341463415
B.1.1.46	0	0.664954018163756	0.0414874104896249	0	31.22032570604	0.550095464095791
B.1.1.216	0	0.660266691986372	0.0405190873245211	0	31.8863945578231	0.567904837886579
B.1.1.411	0	0.658571428571429	0.0369047619047619	0	27.9699074074074	0.507490027501252
B.1.1.322	0	0.7	0.1	0	31.3333333333333	0.5875
B.1.1.263	0	0.655627099664054	0.0587961926091825	0	30.5	0.690625
B.1.177.50	0	0.616148119656639	0.0483320639866238	0	8.26938775510204	0.155437748641304
B.1.177.5	0	0.615799396681749	0.0435614630467572	0	4.65	0.0988672496025436
B.1.177.43	0	0.633004081101735	0.0315133001642196	0	5.75	0.0811228697086312
B.1.177.35	0	0.635005811225486	0.0490018521824933	0	12.5317188983856	0.26498291624604
B.1.575	0	0.638673813778042	0.0176096883065317	0	30.6666666666667	0.399012960656796
B.1.610	0	0.634979399512991	0.0172679385935269	0	26.1608695652174	0.363814605439774
B.1.263	0	0.652401228496168	0.0194264793508476	0	29.4824381926684	0.537130812404779
B.1.177.23	0	0.627402432957988	0.04136578442134	0	9.03240740740742	0.194765731690205
U.2	0	0.634920634920634	0.0337301587301587	0	10.5	0.147539857064321
B.1.562	0	0.685413245758073	0.0403667214012041	0	29.5357142857143	0.404203232020548
B.1.411	0	0.589051562654047	0.0156696736665681	0	22.875	0.310050575111265
B.1.441	0	0.672377080913666	0.0140340689121177	0	29.5	0.404109589041096
B.1.536	0	0.697270889487871	0.0230795148247979	0	31.8333333333333	0.43607305936073
B.1.409	0	0.647178434953443	0.0201257550059604	0	32.4926470588235	0.44176314719389
B.1.252	0	0.661500936960432	0.0203828414058043	0	28.395028957529	0.491924889822074
B.1.131	0	0.669844741014799	0.0200565979563073	0	23.6666666666667	0.414581415705597
B.1.22.1	0	0.697674418604651	0.0232558139534884	0	29.5	0.404109589041096
B.1.258	0	0.634560993341087	0.0236669329816816	0	24.7646135265701	0.436046197752712
B.1.1.412	0	0.666416963151927	0.0526241602989645	0	30.4322871572872	0.527786053696729
B.1.398	0	0.653692504201668	0.0208564974507721	0	27.2657365157365	0.498176854858128
B.1.36.1	0	0.650820122604769	0.0154288936940981	0	29.156862745098	0.44591988649421
B.1.1.428	0	0.696969696969697	0.0606060606060606	0	31.3333333333333	0.5875
B.1.424	0	0.667835022850591	0.0141017624434438	0	28.3650793650794	0.444710295445184
B.1.588	0	0.650719760221074	0.020048775668134	0	33.5	0.454957016600852
B.1.470	0	0.642013880817907	0.0159360207679386	0	29.0136054421769	0.421509891785705
B.1.574	0	0.65527642250446	0.0270903088038093	0	27.285836653087	0.4962561419589
B.1.551	0	0.673450532122764	0.0232236030771396	0	33.4285714285714	0.445222122771984
B.1.434	0	0.66047605854798	0.021914163988524	0	29.3154761904762	0.514221325217696
AD.1	0	0.655787350301957	0.0546128462574446	0	27.8950757575758	0.61831666025687
B.1.332	0	0.684517497348887	0.0115323435843054	0	28.0833333333333	0.440150032615786
B.1.236	0	0.653214250948617	0.0192178829050747	0	28.875	0.435026636225266
B.1.320	0	0.634760852631328	0.047708461251692	0	31.982911331472	0.519089904629187
B.1.115	0	0.668948461107094	0.0263758340921836	0	30.3293650793651	0.517052411687313
B.1.396	0	0.637232639375253	0.0259479986659094	0	27.9571016052428	0.500417092132529
B.1.479	0	0.665894860107037	0.0235655043598603	0	18.8333333333333	0.354512834104671
B.1.1.241	0	0.651720344027506	0.0471346539581442	0	32.3968671679198	0.539922328851487
B.1.1.192	0	0.645241645262868	0.077045060438524	0	30.7777777777778	0.557323232323232
B.1.1.243	0	0.657929203883258	0.0354857031016869	0	30.5240740740741	0.521662447608349
M.3	0	0.658033033033033	0.0548048048048048	0	31.3333333333333	0.5875
B.1.1.219	0	0.656197560280221	0.0520456581948518	0	30.3638888888889	0.549049000644745
B.1.1.133	0	0.682222222222222	0.0666666666666667	0	32.7444444444445	0.535270154373928
B.1.1.307	0	0.64033539791353	0.0349359679872594	0	28.168094028932	0.4939598352321
B.1.548	0	0.662431641610332	0.0225014966535499	0	29.4707207207207	0.482549919719739
B.1.222	0	0.645648714046526	0.0245092047903619	0	26.9986240631534	0.511883626221075
R.2	0	0.693877551020408	0.0408163265306122	0	31.3333333333333	0.5875
B.1.1.354	0	0.667616256924881	0.043529130740209	0	29.8846560846561	0.507923246191549
B.1.88.1	0	0.667509600404337	0.0171722184880079	0	30.6666666666667	0.420091324200913
B.1.465	0	0.652032550815767	0.0128195180058417	0	29.5	0.404109589041096
B.1.1.363	0	0.693548387096774	0.0483870967741935	0	30.6	0.550359712230216
B.1.1.302	0	0.637792438898241	0.0345866282687304	0	30.3904761904762	0.544740626254049
B.1.406	0	0.68844194717219	0.0398834217297694	0	27.2954545454546	0.445664256577803
B.1.36	0	0.620976989190089	0.0198524510782429	0	40.7338469192868	0.529446085751874
B.1.517.1	0	0.692307692307692	0.0256410256410256	0	29.5	0.404109589041096
B.1.298	0	0.661041193127907	0.0176696375732887	0	27.5311771561772	0.463494570266758
B.1.120	0	0.661967610074202	0.0213081837906522	0	27.2146464646465	0.452534419975724
B.1.147	0	0.625652123423929	0.0228230224822661	0	23.7914923852424	0.411722417867185
AD.2	0	0.617061370906603	0.0660399726324374	0	28.25	0.765756118881119
B.1.381	0	0.667685118640706	0.0313128053752258	0	31.0041666666667	0.47194698477956
R.1	0	0.657623049919856	0.0541824827635421	0	30.1666666666667	0.644886363636363
B.1.527	0	0.655965237173435	0.0225299688047779	0	28.5300153094271	0.484387712673723
B.1.23	0	0.671182368050377	0.0162399536001326	0	28.25	0.457885698310636
B.1.1.305	0	0.632132460845284	0.0407459072960048	0	29.5784838358523	0.512624372404167
B.1.177.76	0	0.608429069585744	0.0392344646642878	0	12.805439005439	0.315309409592
B.1.305	0	0.660562106396263	0.0214171136521637	0	27.9099639855942	0.47373585810039
B.1.428.2	0	0.679667519181586	0.0155808318750841	0	32.9444444444445	0.493943265431661
B.1.1.236	0	0.641571257689679	0.0700572453861927	0	29.5436507936508	0.765165373244642
B.1.1.93	0	0.690909090909091	0.0545454545454545	0	30.6	0.550359712230216
B.1.1.294	0	0.626726786163814	0.0614844372866982	0	29.6043322592195	0.610302228163607
B.1.177.6	0	0.614574171801177	0.0356828861685292	0	14.5428571428571	0.271705865673007
B.1.126	0	0.649176380233422	0.0222262115157095	0	30.7689812767212	0.463392826465812
B.1.1.148	0	0.636494385609594	0.0282435865064256	0	32.9764009139009	0.57659351914874
B.1.1.297	0	0.65126308308567	0.0407836929835896	0	30.2619047619048	0.515254253997673
B.1.117.2	0	0.628998139511176	0.0290287228891098	0	10.5	0.144507117915659
B.1.182	0	0.686004056795132	0.011629479377958	0	29.5	0.404109589041096
B.1.223	0	0.66063909557979	0.0196151316518076	0	30.5589571035026	0.508906410640224
B.1.213	0	0.654649867026555	0.0279945078838891	0	28.9357142857143	0.480240829017087
B.1.538	0	0.654955577594866	0.0282697568929422	0	28.6979166666667	0.482116176194716
B.1.177.30	0	0.639444733194733	0.0360480672980673	0	5.75	0.0811228697086312
B.1.177.29	0	0.689189189189189	0.027027027027027	0	20	0.280373831775701
B.1.566	0	0.656666635595091	0.0201374228271466	0	28.25	0.457885698310636
B.1.549	0	0.651262481049715	0.0192655784411104	0	29.25	0.422229348971457
B.1.1.63	0	0.645924914927372	0.0329684565312083	0	28.9077681577682	0.519145633190029
B.1.383	0	0.676665160152024	0.0368915457974853	0	26.8141025641025	0.466078318275139
B.1.149	0	0.652985651753056	0.0220123951721361	0	27.4	0.410510751904439
B.1.1.232	0	0.663594698377307	0.0292332466245509	0	28.4052287581699	0.526401274795633
B.1.1.171	0	0.63657607449556	0.0376023121687059	0	30.0041486291486	0.541791379266682
B.1.391	0	0.66129853334346	0.0225064315883003	0	22.907528957529	0.410806042053059
B.1.1.254	0	0.659500239905489	0.043746752968563	0	31.5733333333333	0.541514627241271
B.1.604	0	0.685620855663548	0.0286129530384231	0	34.1666666666667	0.468036529680365
B.1.474	0	0.666617342408997	0.0191378119759298	0	31.8333333333333	0.43607305936073
B.1.306	0	0.652523832646686	0.0266671130363974	0	28.544384057971	0.498491699063883
B.1.341	0	0.672810793859999	0.0299698490916793	0	27.9	0.490617900289595
B.1.9.1	0	0.6875	0.015625	0	29.5	0.404109589041096
B.1.1.368	0	0.678549382716049	0.0455246913580247	0	33.4952380952381	0.552690200038612
B.1.1.39	0	0.639102229983951	0.0407710033094924	0	28.6074445372691	0.514932126466085
B.1.1.272	0	0.686868686868687	0.0505050505050505	0	30.8888888888889	0.526515151515151
B.1.177.7	0	0.599294342116202	0.0388692251509577	0	15.3760180995475	0.354830211806123
B.1.521	0	0.649717634424564	0.0295833225695423	0	27.5499249249249	0.497145762368171
B.1.1.186	0	0.632451433162481	0.0353504173208485	0	28.869924963925	0.509487708387818
B.1.76	0	0.678621125869703	0.0324689015391103	0	28.5	0.476588628762542
B.1.1.334	0	0.664526707462962	0.0249597858161585	0	30.5362554112554	0.497119142470581
B.1.558	0	0.644090235261654	0.0236881554375344	0	28.6996212121212	0.472317096755798
B.1.397	0	0.641167708448452	0.0285481091735619	0	25.2790404040404	0.416499944886154
B.1.78	0	0.634958923417774	0.0264907254961778	0	26.8636363636364	0.479470294009918
B.1.146	0	0.651680672268907	0.0289915966386555	0	24.0833333333333	0.400684931506849
B.1.229	0	0.652616546738056	0.0253179441708924	0	27.9821428571429	0.505662531753227
B.1.1.518	0	0.670064154694136	0.0467726875696515	0	31.6074074074074	0.559342997448534
B.1.1.406	0	0.643248099801718	0.0447372769332452	0	29.2772727272728	0.511173716437441
B.1.127	0	0.669632719186557	0.0305176644892088	0	28.5646599777035	0.476377366095163
B.1.1.300	0	0.653240691057795	0.0423349931714837	0	31.0072222222222	0.532054459283413
B.1.505	0	0.658373343575956	0.0215671211830228	0	31.3186274509804	0.498788505540401
B.1.1.421	0	0.666212644298198	0.0370994713561334	0	29.6797385620915	0.528027816457795
B.1.1.267	0	0.642242536047569	0.0358591902337609	0	28.3149366471735	0.501207774131173
B.1.418	0	0.684563758389262	0.0335570469798658	0	28.5	0.476588628762542
B.1.258.19	0	0.684210526315789	0.0526315789473684	0	21.5	0.37719298245614
B.1.416.1	0	0.654091333025194	0.0317871236248405	0	25.0644409937888	0.44858168787433
B.1.498	0	0.668857154712746	0.0219276633598746	0	29.5833333333333	0.446383503068546
B.1.471	0	0.654607468743698	0.0168560319620891	0	29.2426470588235	0.435467312130931
B.1.555	0	0.663705968217246	0.0204214749327531	0	28.6666666666667	0.439960328554122
B.1.110	0	0.659832583508615	0.0233783046460687	0	27.66	0.446616056853831
B.1.1.113	0	0.65952247995491	0.044793511914993	0	31.2287301587302	0.539665693242485
B.1.1.308	0	0.660356071835336	0.0370157078222656	0	29.806746031746	0.51245641475996
B.1.1.240	0	0.664023071377073	0.0624849795722182	0	28.4761904761905	0.479194382852919
B.1.1.71	0	0.672486246259161	0.0552098453488164	0	31.037037037037	0.546843434343434
AA.4	0	0.684210526315789	0.0526315789473684	0	1	0.0147058823529412
B.1.177.57	0	0.574739237565168	0.0458678352114481	0	10.2307692307692	0.193552187230032
B.1.35	0	0.675057688528369	0.015987934108738	0	29.3333333333333	0.41618942899467
B.1.1.225	0	0.634768223429277	0.0373997073202756	0	28.8273767752715	0.506641491380439
B.1.582	0	0.647127908110833	0.0234103038004848	0	26.3474160678764	0.507083957882564
B.1.355	0	0.658249581239531	0.0234087102177555	0	28.25	0.457885698310636
B.1.1.389	0	0.619940787182166	0.0573145245559039	0	28.4291666666667	0.672172305823464
B.1.1.431	0	0.659864498644987	0.0474239686841313	0	30.4900284900285	0.517892937153637
B.1.1.409	0	0.626719397675235	0.0329693159418852	0	27.9968336018618	0.498824180622385
B.1.1.176	0	0.66982162358937	0.0542409901710958	0	31.3095238095238	0.560823170731708
B.1.318	0	0.682692307692308	0.0288461538461538	0	34.1666666666667	0.468036529680365
B.1.1.125	0	0.680631868131869	0.0463598901098901	0	32.0444444444445	0.547991709548313
B.1.515	0	0.663945687881858	0.0231653260565409	0	27.8125	0.463097865467343
B.1.380	0	0.668745759808726	0.0220119740706013	0	27.6666666666667	0.4368610724845
B.1.36.39	0	0.682539682539683	0.0158730158730159	0	29.5	0.404109589041096
B.1.590	0	0.648568789967748	0.0228469306372415	0	31.4093246187364	0.50752706020359
B.1.437	0	0.671976513914464	0.0251711079456624	0	30.5833333333333	0.48984916863027
B.1.1.309	0	0.659713600985349	0.0418681226126256	0	29.8368823368823	0.545657281578673
B.1.594	0	0.66004868958847	0.0288165940143244	0	26.95	0.471333441187975
B.1.177.53	0	0.6031187203601	0.0387630185906048	0	7.74	0.150690645493681
B.1.105	0	0.667832167832168	0.0238927738927739	0	31.3186274509804	0.498788505540401
B.6	0	0.607293631903408	0.0246371228224525	0	25.2886904761905	0.382417609109766
B.1.346	0	0.649371210349779	0.0181310457743631	0	28.1333333333333	0.4247658105652
B.1.36.2	0	0.640660452584547	0.0169150811884139	0	28.8449612403101	0.451532219489942
B.1.241	0	0.646707595817436	0.0231934120075954	0	29.7797444183314	0.454051189960238
B.1.349	0	0.652174309368636	0.0209857745583694	0	27.3207282913165	0.459318457432769
AK.1	0	0.681818181818182	0.0454545454545455	0	31.3333333333333	0.5875
B.1.1.319	0	0.642668031696479	0.0370566452619881	0	28.7376984126984	0.493800177568958
B.1.597	0	0.656583286167029	0.0300605811040542	0	29.4672955974843	0.502380362402818
B.1.408	0	0.677347991842673	0.0115672214805708	0	30.7916666666667	0.437797217687558
B.1.1.214	0	0.679120879120879	0.0505494505494506	0	30.7444444444445	0.538437431872683
B.1.157	0	0.633683158420789	0.0244877561219391	0	36	0.416701259167013
B.1.337	0	0.677231087470449	0.0350916075650118	0	28.5	0.476588628762542
B.1.1.441	0	0.63254950033535	0.0367251074678695	0	27.7592105263158	0.496672198877738
B.1.1.217	0	0.627738055234704	0.0302199576457038	0	29.4983600713012	0.535423149222182
B.1.1.207	0	0.6510004199162	0.0372547891967496	0	28.9897787397787	0.538202051026935
B.1.177.8	0	0.637200812472552	0.043066534914361	0	5.75	0.0811228697086312
B.1.151	0	0.662948131197559	0.0198427832867192	0	30.7124183006536	0.4672288667073
B.1.385	0	0.67175925925926	0.0180555555555556	0	28.25	0.457885698310636
B.1.1.135	0	0.661943621440822	0.0504024538637866	0	30.4386724386724	0.525131805863513
B.1.124	0	0.659163091314602	0.0205267427492744	0	28.45	0.456281561367064
B.1.36.8	0	0.611500491207473	0.0296963263143846	0	37.7916666666667	0.494281267447238
B.1.1.391	0	0.656925965450691	0.0450426512570124	0	30.9382716049383	0.533291245791245
B.1.1.56	0	0.666013798784883	0.0547811759859953	0	31.037037037037	0.546843434343434
B.1.1.184	0	0.625370007770328	0.0454464389165442	0	26.4036075036075	0.473181293085274
B.1.1.515	0	0.642100981692753	0.0344602348108426	0	30.1525793650794	0.51915644541328
B.1.1.111	0	0.649686064763677	0.0392419045404337	0	28.3888888888889	0.497664014389367
B.1.1.392	0	0.650948548942225	0.0412295669627325	0	29.9734299516908	0.525922049441786
B.1.1.237	0	0.673701654251207	0.062789771033056	0	30.8888888888889	0.526515151515151
B.1.425	0	0.679245283018868	0.0188679245283019	0	29.5	0.404109589041096
B.1.523	0	0.655969450219796	0.0148105318449902	0	29.5	0.404109589041096
B.1.8	0	0.657622641509434	0.019433962264151	0	27.7976190476191	0.465010648647228
B.1.319	0	0.641742960786769	0.0197124281543452	0	34.0428388746803	0.469373572109062
B.1.118	0	0.648540450375312	0.0228523769808174	0	31.8333333333333	0.43607305936073
B.1.1.234	0	0.659079838043155	0.0478680008732413	0	31.415873015873	0.537797621331042
B.1.1.486	0	0.64288317690053	0.032747564044906	0	30.2888888888889	0.551956679523508
B.1.177.55	0	0.634023726738209	0.0487390597866057	0	14.5615384615385	0.264036632265431
B.1.1.265	0	0.626658936061371	0.0406897184601922	0	31.5016835016835	0.637732572357215
B.1.1.373	0	0.661772206231379	0.039536307630157	0	31.4592592592593	0.539014714620251
B.1.1.12	0	0.637133320376108	0.0329411895560332	0	29.2751860712387	0.505182055966407
B.1.431	0	0.67816091954023	0.0114942528735632	0	29.5	0.404109589041096
B.1.237	0	0.637104433113891	0.0176596482098687	0	28.2113095238095	0.444532721583888
AM.1	0	0.66197535701846	0.0499336032741205	0	30.6962962962963	0.542411525325194
B.1.219	0	0.678082191780822	0.0342465753424658	0	28.5	0.476588628762542
B.1.220	0	0.678082191780822	0.0342465753424658	0	28.5	0.476588628762542
B.1.560	0	0.656856411652605	0.024156659810378	0	27.3449519230769	0.496615468728124
B.1.221	0	0.637557538485033	0.024474001377353	0	27.8042077425107	0.494756785505361
B.1.9.4	0	0.677277327935222	0.0241396761133604	0	29	0.440349108901819
B.1.421	0	0.652038368856903	0.0219035568370894	0	27.2743506493507	0.442806669451749
B.1.245	0	0.662573313782991	0.0137463343108504	0	29.5	0.404109589041096
B.1.206	0	0.640080118598356	0.0232640828982732	0	26.3895987733197	0.511135242196459
B.1.1.190	0	0.656692133559706	0.0444255800792304	0	30.05625	0.537346982017638
B.1.9.5	0	0.642051745602882	0.0141635248169339	0	29.5	0.404109589041096
B.1.456	0	0.648754507556763	0.0167694619082769	0	39.85	0.522415539796503
B.1.478	0	0.65804887551101	0.0307361887382718	0	27.325	0.462565146483567
B.1.106	0	0.656620944341862	0.0318352677393827	0	27.75	0.494125218171358
B.1.428.3	0	0.676470588235294	0.0147058823529412	0	34.6666666666667	0.538860103626943
B.1.36.19	0	0.654094278128631	0.0164988123724259	0	33.8125	0.453403735189182
B.1.1.67	0	0.641186453123446	0.0335123576076029	0	29.0585620915033	0.530153562354361
B.1.1.401	0	0.649467670720943	0.0373751069658138	0	28.4674603174603	0.519807659802643
B.1.110.1	0	0.670184790334044	0.0329424307036248	0	31.3333333333333	0.472312579221454
B.1.501	0	0.658625756172926	0.0248824140333574	0	30.4446455505279	0.50788631970938
B.1.1.384	0	0.676190476190476	0.0476190476190476	0	30.8888888888889	0.526515151515151
B.1.446	0	0.646134102257077	0.0236570979403882	0	28.25	0.455597351028666
B.1.1.224	0	0.676056338028169	0.0563380281690141	0	31.2857142857143	0.534146341463415
B.1.1.163	0	0.639767448289863	0.0327596175896372	0	29.8076719576719	0.530383959592985
B.1.390	0	0.662400535588941	0.0323255649342606	0	29.4166666666667	0.474521438669737
B.1.1.58	0	0.652263662140938	0.0504763353311849	0	31.6074074074074	0.559342997448534
B.1.1.5	0	0.657428076456569	0.0366680427110981	0	28.8299707602339	0.517838827976023
B.1.603	0	0.668786053070119	0.0283937956672222	0	27.75	0.494125218171358
B.1.612	0	0.633448100643486	0.0225751096335091	0	25.3095238095238	0.514957739457278
B.1.36.26	0	0.66006006006006	0.0178678678678678	0	38.125	0.502697881337268
B.1.161	0	0.675675675675676	0.0135135135135135	0	29.5	0.404109589041096
B.1.1.34	0	0.654259203256317	0.0383442271615187	0	31.1522366522367	0.53489176656216
B.1.1.383	0	0.622206908210309	0.0292432272973557	0	28.2704304954305	0.487257864744668
B.1.1.398	0	0.644014201972513	0.0388269803147546	0	29.9719817219817	0.530114365307189
B.1.1.74	0	0.641901869712622	0.0375460385894336	0	27.6878306878307	0.490590698663526
B.1.482	0	0.675496688741722	0.033112582781457	0	28.5	0.476588628762542
B.1.1.462	0	0.653494805632963	0.0365036096943992	0	33.1227272727273	0.573657426801039
B.1.572	0	0.675213675213675	0.0256410256410256	0	34.1666666666667	0.468036529680365
B.1.1.480	0	0.646338985968941	0.0314840723523985	0	29.9607026143791	0.527451024130406
B.1.1.59	0	0.651355652673718	0.037956467687088	0	33.1321937321937	0.563771386132079
B.1.177.32	0	0.601117149758454	0.0349335748792271	0	5.75	0.0811228697086312
B.1.1.47	0	0.643407205995504	0.0413520245296124	0	29.9532467532468	0.509282893135915
B.1.1.123	0	0.648638583638584	0.0424633699633699	0	29.8183600713013	0.516214731318111
AS.2	0	0.675	0.05	0	31.3333333333333	0.5875
B.1.1.196	0	0.668008474576271	0.0504237288135593	0	30.9666666666667	0.568929856115108
B.1.1.239	0	0.638995016611296	0.0374584717607973	0	29.9345238095238	0.53557808716707
B.1.593	0	0.674603174603175	0.0238095238095238	0	34.1666666666667	0.468036529680365
B.1.445	0	0.652787411305447	0.0290602042319117	0	27.3387387387387	0.521099606654462
B.1.577	0	0.636551077494293	0.0211688743383257	0	32.6984126984127	0.453104742195795
B.1.1.439	0	0.643116475321362	0.0417279952899617	0	29.4217171717172	0.499251436079909
B.1.1.286	0	0.644936920504636	0.035286011045245	0	29.9407407407407	0.540108906031344
AF.1	0	0.670542635658915	0.0765503875968992	0	32.9666666666667	0.565762578616352
B.1.215	0	0.656635426276587	0.0224987613900384	0	34.1666666666667	0.468036529680365
B.1.1.191	0	0.638223621376799	0.0351777506630122	0	28.5077335858586	0.502842343579015
B.1.1.341	0	0.674157303370786	0.0561797752808989	0	30.8888888888889	0.526515151515151
B.1.453	0	0.650359846114414	0.0263214433496791	0	30.1472718253968	0.450881790774303
B.1.1.168	0	0.641172846725587	0.0358925192914771	0	29.8	0.521729642987353
B.1.140	0	0.647371756931736	0.0289257538340828	0	28.0681818181818	0.493280954966741
B	0	0.571616657114903	0.0197890759290654	0	22.8886658569678	0.36715104046006
B.1.270	0	0.660318409354766	0.027860285783973	0	28.5	0.504028580115537
B.1.36.17	0	0.66417493007882	0.0195549259622486	0	35.25	0.469835117238544
B.1.1.355	0	0.642921433229021	0.0362658889201127	0	30.1135477582846	0.525128757082013
B.1.256	0	0.656791592881818	0.0283866035745735	0	27.8071428571428	0.513048222893141
B.1.111	0	0.645582441648422	0.0158705461400996	0	29.5	0.404109589041096
B.1.338	0	0.657761248063582	0.0339532677757572	0	29.2222222222222	0.451394524959742
B.1.1.377	0	0.654086000939772	0.0270218870841174	0	29.4346405228758	0.549503004289656
B.1.377	0	0.638709040866969	0.0298842846520146	0	31.1035353535354	0.457529586185558
B.1.189	0	0.652382306430256	0.0222688127815822	0	28.5262762762763	0.502338310056726
B.1.224	0	0.651093673782501	0.0234686343950703	0	30.1509803921569	0.471527060101953
B.1.91	0	0.65830484407092	0.0241925548861262	0	29.7755952380952	0.493326527414561
B.1.1.118	0	0.642518666339503	0.0345886149624287	0	27.094533492823	0.485103727409529
B.1.1.261	0	0.657731177701576	0.0387090581975455	0	31.5777777777778	0.552499642652944
B.1.112	0	0.631104870791093	0.0149780699184896	0	28.6666666666667	0.44533231861999
B.1.13	0	0.637089030327328	0.0195405676114119	0	26.6857967267174	0.520151958888758
B.1.1.204	0	0.643763164085622	0.0360598308082386	0	30.1971296296296	0.533574815179469
B.1.1.228	0	0.631392720306329	0.0298500326235473	0	28.2373955773956	0.51993340410075
B.1.314	0	0.672268907563025	0.0252100840336134	0	34.1666666666667	0.468036529680365
B.1.36.16	0	0.652732240437158	0.0137522768670309	0	29.5	0.404109589041096
B.1.507	0	0.671875	0.03125	0	31.375	0.473584905660377
B.1.537	0	0.643128618019467	0.0247368889527487	0	27.879262574595	0.485472646371766
B.1.267	0	0.655843783306688	0.0266915663897453	0	30.2291666666667	0.481668506126802
B.1.1.268	0	0.651549545553718	0.0325254029155757	0	28.4988271961956	0.508374130240342
B.1.1.157	0	0.613715277777778	0.0357831790123457	0	30.9666666666667	0.568929856115108
AH.3	0	0.671875	0.046875	0	30.6	0.550359712230216
AM.3	0	0.659014423076923	0.0465144230769231	0	30.6	0.550359712230216
B.1.38	0	0.671814671814672	0.0231660231660232	0	27	0.511661807580175
B.1.9.2	0	0.671641791044776	0.0149253731343284	0	29.5	0.404109589041096
B.1.1.128	0	0.658564572886942	0.0358406629323876	0	31.6727272727273	0.554658464693067
B.1.1.299	0	0.669154228855722	0.0483692647871752	0	29.1333333333334	0.494128132536437
B.1.1.402	0	0.637969094024514	0.0304294179262408	0	31.5090636254502	0.552034971319007
B.1.403	0	0.645714285714285	0.0278571428571429	0	35.5	0.452940779027735
B.1.335	0	0.65473838189294	0.0387780900679304	0	27.4146224146224	0.429365399954179
B.1.370	0	0.66387309737759	0.0227917354361513	0	34.1666666666667	0.468036529680365
B.1.402	0	0.658421130252116	0.0286831061478949	0	28.8333333333333	0.452428948855393
AL.1	0	0.671232876712329	0.0547945205479452	0	31.2857142857143	0.534146341463415
B.1.417	0	0.655215805717747	0.0236441202474964	0	28.6560224089636	0.497358380493922
B.1.113	0	0.609646896258838	0.0248503199848736	0	31.5357142857143	0.446985863858275
B.1.395	0	0.634424917910098	0.0268582535554847	0	26.5521212121212	0.517680603607901
B.1.463	0	0.661452810180275	0.013343937787204	0	42.375	0.55736026075849
B.1.36.10	0	0.585365853658536	0.0193379790940767	0	24.375	0.313301314664822
B.1.36.7	0	0.670588235294118	0.0235294117647059	0	46.75	0.601286173633441
B.1.1.270	0	0.63746609039496	0.0400248287277576	0	29.4217171717172	0.499251436079909
B.1.218	0	0.655982464596388	0.0172683941946491	0	28.5735294117647	0.459216690147178
B.1.489	0	0.652524024438918	0.0159655317102126	0	28.3235294117647	0.487142616073104
B.1.1.339	0	0.653470732960695	0.0455419763612927	0	30.0407407407407	0.53623200085966
B.1.533	0	0.656647923727363	0.0447866385950498	0	30.8888888888889	0.526515151515151
B.1.44	0	0.648793930392825	0.0230951961643268	0	28.5984381120251	0.49464288077033
B.1.1.160	0	0.63495145631068	0.0385575589459084	0	31.1111111111111	0.557007575757576
B.1.247	0	0.622181151478799	0.0319372871602309	0	30.531240981241	0.482866824814399
B.1.1.229	0	0.643081563403293	0.0366344099535	0	31.1111111111111	0.557007575757576
B.1.1.37	0	0.638590280147157	0.0354473505297214	0	29.6991370926361	0.545973522722695
B.1.1.425	0	0.643287725598385	0.0313496772823561	0	28.3730023923445	0.477757352151991
B.1.378	0	0.649479286128017	0.0240666367221869	0	28.408364389234	0.505187604774092
B.1.556	0	0.669491525423729	0.0254237288135593	0	34.1666666666667	0.468036529680365
B.1.343	0	0.654187260579807	0.0225086287636568	0	29.0873015873016	0.5018700151713
B.1.1.53	0	0.617050079488066	0.026963097729171	0	28.9407647907648	0.495381140162261
B.1.554	0	0.649208968112009	0.0216570036390551	0	30.1309523809524	0.496974118966862
B.1.579	0	0.654595126507018	0.0252070706712248	0	28.8596638655462	0.493802862606547
B.1.1.115	0	0.658760828203935	0.0428560466917071	0	32.0246464646465	0.554295946340733
B.1.179	0	0.64972502714102	0.023132459231337	0	33.9571111111111	0.471339570228855
B.1.504	0	0.663138960008763	0.0258478113085128	0	30.7666666666667	0.495119750212067
B.1.1.226	0	0.641637669164821	0.0298861490181528	0	28.5370184690038	0.515895707540409
B.1.1.415	0	0.653350769838136	0.0351608764311094	0	29.5777777777778	0.516780987212867
B.1.1.144	0	0.650152140049474	0.0329610409330301	0	31.5363636363636	0.553395636497036
B.1.578	0	0.646725419174719	0.0253199898227824	0	27.7774061687105	0.522366826502361
B.1.570	0	0.658816431066899	0.0282377641102512	0	27.3958333333333	0.485944555667891
B.1.249	0	0.655246334647628	0.0231500976151284	0	26.4469696969697	0.520481101177304
B.1.388	0	0.657217727281421	0.0264340773894914	0	28.5	0.504028580115537
B.1.569	0	0.657768190617188	0.0256782960252247	0	29.6274509803922	0.496444560014884
B.1.528	0	0.66793893129771	0.0229007633587786	0	27	0.511661807580175
B.1.194	0	0.647858354537744	0.0216355668645745	0	25.9772727272727	0.50905968607791
B.1.198	0	0.667796610169492	0.0203389830508475	0	27	0.511661807580175
B.1.573	0	0.667763157894737	0.0230263157894737	0	28.5	0.531468531468531
B.1.143	0	0.651331090660927	0.0230651818758924	0	23.1326530612245	0.368492524079416
B.1.460	0	0.630728366615464	0.0157599419696194	0	29.5	0.404109589041096
B.1.177.24	0	0.595852221677693	0.0403862322391855	0	13.1	0.295676724750137
B.1.177.52	0	0.618365016625886	0.0304862287470983	0	12.94	0.250081830539128
B.1.399	0	0.63575610007109	0.0175738300178263	0	29.5784602784603	0.451809354029122
B.1.208	0	0.657730116175157	0.0218349717009234	0	27.7352941176471	0.520601144490306
B.1.493	0	0.666666666666667	0.0231023102310231	0	28.5	0.531468531468531
B.1.581	0	0.664102564102564	0.0231663685152057	0	27	0.511661807580175
B.1.188	0	0.651061819203412	0.0293278971493997	0	27.5	0.499970747974297
B.1.110.2	0	0.664221649730452	0.0364976467684291	0	28.5	0.476588628762542
B.1.325	0	0.658133054684779	0.0239017049361877	0	32.2679738562092	0.488537846920389
B.1.356	0	0.653236813053867	0.0239613263567533	0	30.0435729847494	0.489015571670899
B.1.134	0	0.650033944331297	0.0226784829636154	0	30.5833333333333	0.497907153729072
B.1.36.38	0	0.657387057387057	0.0276434676434676	0	35.712962962963	0.510636971396563
B.1.36.31	0	0.630007558578987	0.0297656840513983	0	36	0.417335723165605
B.1.36.35	0	0.653796653796654	0.0198144573144573	0	28.2976190476191	0.470577682675338
B.1.160.24	0	0.666666666666667	0.0133333333333333	0	29.5	0.404109589041096
B.1.459	0	0.642640950180339	0.0185760366117414	0	29.2031746031746	0.42442403486924
B.1.422	0	0.65686274509804	0.0196078431372549	0	29.5	0.404109589041096
B.1.363	0	0.657894736842106	0.0286549707602339	0	27.75	0.432699955810871
B.1.382	0	0.640194271988839	0.0221300321669113	0	28.255	0.495670041105484
B.1.466.2	0	0.666666666666667	0.0256410256410256	0	29.5	0.404109589041096
B.1.258.11	0	0.624402676872514	0.0225774241974942	0	29.5	0.404109589041096
B.4.5	0	0.666666666666667	0.0416666666666667	0	42.5	0.429292929292929
B.1.160.16	0	0.640088847784085	0.0375428423108297	0	23.5833333333333	0.418684899595548
B.1.1.227	0	0.645866711639542	0.0475923295300983	0	30.9407407407407	0.554791621248456
B.1.1.288	0	0.641183939175463	0.0316047694305739	0	29.1345620915033	0.52507813924248
B.1.1.450	0	0.6375	0.0363095238095238	0	29.4217171717172	0.499251436079909
B.1.1.180	0	0.666666666666667	0.0416666666666667	0	30.8888888888889	0.526515151515151
B.1.1.380	0	0.635253054101222	0.0316690077895543	0	30.0844444444445	0.513086927293412
B.1.1.221	0	0.638349592139925	0.0329899872426282	0	29.6083890281259	0.515353453096035
B.1.1.99	0	0.632285115303983	0.0308308681565449	0	29.5225	0.509943249714099
B.1.595.1	0	0.666666666666667	0.0505050505050505	0	30.8888888888889	0.526515151515151
B.1.1.371	0	0.654263565891473	0.0521802325581395	0	28.1375	0.505588434633166
B.1.534	0	0.648107747780505	0.0354601601874577	0	29.9907407407407	0.535817949611053
B.1.1.365	0	0.619318181818182	0.0476190476190476	0	27.9478114478115	0.677657572030266
B.1.1.174	0	0.632702079848308	0.0378310760798168	0	29.3640972222222	0.510672693014304
AS.1	0	0.666666666666667	0.0512820512820513	0	31.3333333333333	0.5875
B.1.1.303	0	0.624954093660779	0.0348102340532237	0	28.5626262626263	0.503333222012386
M.2	0	0.648799553322167	0.0454122464172716	0	30.0116959064327	0.556903400063553
AE.5	0	0.650260999254288	0.0896843151876707	0	28.1071428571428	0.498968548264267
AE.7	0	0.666666666666667	0.111111111111111	0	31.3333333333333	0.5875
B.1.1.57	0	0.631017133367455	0.0375264192572165	0	29.8550505050505	0.525829500460741
AE.2	0	0.62280701754386	0.102631578947369	0	27.5416666666667	0.500271739130435
AE.1	0	0.637325981541841	0.0558012284367002	0	29.4719696969697	0.526716877648623
C.9	0	0.600805526889118	0.0447094042295281	0	28.1	0.875146886016451
B.1.1.27	0	0.653161575857641	0.05939689965144	0	31.9829545454545	0.579693951567905
B.1.177.58	0	0.590134043492873	0.0406946653324153	0	3.1	0.0738852918216467
AA.6	0	0.597294685990338	0.0463446054750403	0	1	0.0147058823529412
B.1.177.18	0	0.588196557751013	0.0533804570933284	0	5.18571428571429	0.121977501678562
B.1.520	0	0.658136337548717	0.023430934380772	0	28.0955882352941	0.518991282689913
A.22	0	0.665529010238908	0.0204778156996587	0	27	0.511661807580175
B.1.601	0	0.66551724137931	0.0206896551724138	0	27	0.511661807580175
B.1.557	0	0.66542750929368	0.0223048327137546	0	27	0.511661807580175
B.1.518	0	0.642433315513578	0.020117085786989	0	25.6956521739131	0.51802288251277
B.1.1.420	0	0.661843591191417	0.0496188594014681	0	33.6	0.554019499031577
B.1.292	0	0.664526435123157	0.0256827785221065	0	28.8888888888889	0.527383367139959
B.1.400	0	0.636055900840478	0.025863934307288	0	31.1994975744976	0.494989389223226
B.1.187	0	0.648186997490924	0.0245612454180025	0	27	0.511661807580175
C.12	0	0.644736842105263	0.0411184210526316	0	27.9285714285715	0.768595041322314
B.1.435	0	0.657985017505141	0.0326806692905764	0	28.5	0.476588628762542
B.1.502	0	0.664359861591695	0.0207612456747405	0	27	0.511661807580175
B.1.405	0	0.64024524719097	0.0226999638249741	0	29.5833333333333	0.503305651264835
B.1.190	0	0.637698412698413	0.0248015873015873	0	24.9166666666667	0.509480755059237
B.1.511	0	0.643822249796927	0.0226214489013228	0	26.2514492753623	0.481448825251123
B.1.274	0	0.664233576642336	0.0364963503649635	0	28.5	0.476588628762542
B.1.532	0	0.663339552238806	0.0499067164179104	0	31.7444444444445	0.545264496172801
B.1.1.164	0	0.648358790941162	0.042185441003782	0	31.9809684684685	0.565396714371961
B.1.592	0	0.664150943396226	0.0226415094339623	0	27	0.511661807580175
B.1.308	0	0.661443014705883	0.0234834558823529	0	27	0.511661807580175
B.1.166	0	0.641120524690835	0.0214984635868129	0	29.4226630186958	0.520607090853862
B.1.1.172	0	0.659272727272727	0.0351515151515151	0	32.9	0.566741054205963
B.1.606	0	0.645117474975112	0.0214099439955538	0	29.8790849673203	0.508451596286194
AN.1	0	0.6614038616251	0.0334875301689461	0	29.6944444444444	0.528991841491841
B.1.1.244	0	0.643626502960286	0.0359801662391298	0	30.7224778844344	0.543578646805642
B.1.1.507	0	0.647018760023635	0.0357817379927408	0	30.4962962962963	0.521434085999013
B.1.1.459	0	0.64808303778892	0.0350220129631894	0	28.3296296296296	0.503093018602032
B.1.1.372	0	0.633129653932842	0.0347363636962931	0	30.0837797619048	0.69667532343547
B.1.1.320	0	0.642639020423781	0.0362601042712967	0	27.8217592592593	0.487161744672969
B.1.258.17	0	0.6497030651341	0.0214655172413793	0	27.8333333333333	0.481183058133016
B.1.506	0	0.657736788171571	0.0209705753184014	0	27.7352941176471	0.520601144490306
B.1.227	0	0.660997732426304	0.0221088435374149	0	30.5833333333333	0.48984916863027
B.1.1.165	0	0.660204081632653	0.0493197278911564	0	30.8888888888889	0.526515151515151
B.1.180	0	0.663230240549828	0.0206185567010309	0	27	0.511661807580175
A.1	0	0.591856223931406	0.022078115462436	0	28.6174823633157	0.455387331489794
B.1.1.513	0	0.663157894736842	0.0526315789473684	0	30.8888888888889	0.526515151515151
B.1.433	0	0.646637814579477	0.018122613031804	0	33.1782945736434	0.459926666240553
B.1.1.45	0	0.649703557312253	0.0453557312252964	0	29.6444444444444	0.513551347790478
B.1.260	0	0.633997065386654	0.0160825589842921	0	32.281512605042	0.45590465728061
W.4	0	0.596565865129551	0.0380300325490028	0	10.962962962963	0.206977928688164
B.1.407	0	0.662650602409639	0.0240963855421687	0	26.0714285714286	0.520684736091298
B.1.1.453	0	0.639509444427326	0.0278479647490217	0	29.9842105263158	0.529862020510554
B.1.1.3	0	0.634418084709974	0.0424916159483294	0	29.4217171717172	0.499251436079909
B.1.250	0	0.6625	0.03125	0	28.5	0.476588628762542
B.1.1.86	0	0.649431818181818	0.0456611570247934	0	31.0873015873016	0.530330746489283
B.1.1.14	0	0.662420382165605	0.0318471337579618	0	32.6	0.56401384083045
B.1.177.11	0	0.620243321960316	0.0370880683106822	0	10.4015384615385	0.222749469023093
B.1.36.24	0	0.662337662337662	0.012987012987013	0	29.5	0.404109589041096
B.1.462	0	0.648207348207348	0.0145077145077145	0	29.5	0.404109589041096
B.1.1.41	0	0.661674593012621	0.0480001219437839	0	31.3015873015873	0.551930894308943
B.1.1.194	0	0.639029093177565	0.0390744626552487	0	29.6201298701299	0.50306703105404
C.30	0	0.594459507022005	0.0395944029959294	0	24.4880952380952	0.605663088173935
B.1.387	0	0.662162162162162	0.0202702702702703	0	27	0.511661807580175
B.1.164	0	0.65716803760282	0.0176263219741481	0	38.125	0.502697881337268
B.1.1.284	0	0.616795366795367	0.0508365508365509	0	29.6428571428571	0.767073170731708
A.3	0	0.599714736895726	0.0177015944169935	0	14.5	0.268489131638189
B.1.326	0	0.652162386081193	0.0246810273405137	0	27.4711538461539	0.537857301305615
B.1.401	0	0.649093131460037	0.0197077388932024	0	27.6978007419184	0.50519053599283
B.1.436	0	0.661971830985915	0.0140845070422535	0	29.5	0.404109589041096
B.1.360	0	0.661870503597122	0.0359712230215827	0	28.5	0.476588628762542
B.1.36.20	0	0.656183557760454	0.019401133947555	0	38.125	0.502697881337268
B.1.9	0	0.625237191650854	0.0113851992409867	0	29.5	0.404109589041096
B.1.443	0	0.65053488406896	0.0174553615158288	0	28.625	0.466866371832125
B.1.1.258	0	0.634272072262017	0.0364499966095289	0	29.3685515873016	0.519377631723676
B.1.451	0	0.649792584910553	0.0242092299714804	0	30.5833333333333	0.48984916863027
B.1.567	0	0.649080970899352	0.0213827504319176	0	27.2663043478261	0.498039775393113
B.1.600	0	0.641934671099257	0.020759876366924	0	26.5659090909091	0.455113240138252
B.1.469	0	0.661538461538462	0.0153846153846154	0	29.5	0.404109589041096
B.1.321	0	0.66147859922179	0.0233463035019455	0	27	0.511661807580175
B.1.510	0	0.646563774397908	0.0212431711508374	0	27.2976190476191	0.528690119860945
B.1.535	0	0.645737591186108	0.0267810032692014	0	26.7090997770345	0.522780751414829
B.1.491	0	0.661224489795918	0.0244897959183673	0	27	0.511661807580175
B.1.444	0	0.647694413682785	0.0255167958656331	0	26.0714285714285	0.49825514621433
B.1.232	0	0.610871865260712	0.0288582365294222	0	29.8976530005942	0.463749261450586
B.1.529	0	0.660839160839161	0.020979020979021	0	27	0.511661807580175
B.1.1.44	0	0.618721597048906	0.0287195142521189	0	27.7817581395213	0.486709025775734
B.1.596.1	0	0.654056437389771	0.0249559082892416	0	24.25	0.420112496199453
B.1.84	0	0.646988804280471	0.028396551313218	0	24.9166666666667	0.449525826882878
B.1.1.331	0	0.660493827160494	0.0308641975308642	0	32	0.581818181818182
B.1.1.458	0	0.660377358490566	0.0471698113207547	0	30.8888888888889	0.526515151515151
B.1.450	0	0.64289248762933	0.0229644624381466	0	28	0.49566601326628
B.1.427	0	0.641120709425885	0.0215197614861249	0	21.9	0.392065531641503
B.1.393	0	0.654111692318212	0.0209449707793658	0	30.6666666666667	0.479885791529627
B.1.1.262	0	0.660130718954248	0.0326797385620915	0	32.6	0.56401384083045
B.1.1.141	0	0.645617326564935	0.0335498366819803	0	30.9332199546485	0.522596688424859
B.1.235	0	0.648513119533528	0.0216618075801749	0	26.9469696969697	0.456801629963586
B.1.1.274	0	0.642037145520582	0.0394137295733249	0	30.6489486703772	0.523581443156104
B.1.1.75	0	0.653529411764706	0.0480995475113122	0	28.15	0.497634197564817
D.2	0	0.589835734140675	0.0649844818531545	0	27.2607843137255	0.602429075301067
B.1.1.205	0	0.650651624197627	0.0383518122284899	0	29.2118863049095	0.536446315951392
B.1.547	0	0.659649122807018	0.0210526315789474	0	27	0.511661807580175
B.1.69	0	0.659574468085106	0.025531914893617	0	27	0.511661807580175
B.1.1.4	0	0.647138832216069	0.0395414359273293	0	29.8666666666666	0.544043772032903
B.1.1.40	0	0.638885755487099	0.0346189777636302	0	30.0541666666666	0.53545900191796
B.1.1.210	0	0.642603398789463	0.0318505730796472	0	29.8814809289809	0.526696562541689
B.1.1.187	0	0.657667134174848	0.044997662459093	0	31.7444444444445	0.545264496172801
B.1.116	0	0.6493309348543	0.0241021230258252	0	28.2592592592592	0.486683927986378
B.1.67	0	0.659340659340659	0.021978021978022	0	27	0.511661807580175
B.1.178	0	0.659176029962547	0.0224719101123595	0	27	0.511661807580175
C.2	0	0.618006993006993	0.0305944055944056	0	27.40625	0.766791044776119
B.1.119	0	0.638645322686505	0.0244721006522819	0	27.8541921041921	0.517401353954977
C.1	0	0.619490331348928	0.0345180419055106	0	26.5278602350031	0.565362030955695
B.1.348	0	0.61884941559629	0.0269121973652152	0	27.3611111111111	0.470275508128392
B.1.420	0	0.64005038435883	0.0288602643559804	0	28.4444444444444	0.47530494827099
B.1.485	0	0.649788678722373	0.0288401579713157	0	27.8802447552447	0.528800591063915
B.1.1.149	0	0.658823529411765	0.0294117647058824	0	32.6	0.56401384083045
B.1.1.500	0	0.6479583349115	0.0390837646370328	0	31.2	0.546107341176986
B.1.145	0	0.658703071672355	0.0204778156996587	0	27	0.511661807580175
B.1.1.89	0	0.642278885295702	0.0308187431839084	0	26.9801083591331	0.482708448760162
B.1.36.33	0	0.658536585365854	0.0121951219512195	0	55.25	0.710610932475884
B.1.480	0	0.652095187326347	0.028323484304268	0	28.6089743589744	0.446276656900084
B.1.258.7	0	0.658536585365854	0.024390243902439	0	29.5	0.404109589041096
B.1.1.121	0	0.623793525099751	0.0287561885353428	0	28.3840016708438	0.494211313967093
B.1.310	0	0.653593095764179	0.0246263176101452	0	28.4404761904762	0.538196412283368
B.1.231	0	0.658333333333333	0.0291666666666667	0	27.3333333333333	0.509950248756219
B.1.36.29	0	0.658227848101266	0.0253164556962025	0	20.3333333333333	0.221818181818182
B.1.1.26	0	0.654971443839551	0.0421996593300157	0	29.6797385620915	0.528027816457795
B.1.598	0	0.658181818181818	0.0218181818181818	0	27	0.511661807580175
B.1.561	0	0.617751782240176	0.0245093119877887	0	26.3062380562381	0.414526173233773
B.1.492	0	0.653133903133903	0.0282526115859449	0	31.3333333333333	0.472312579221454
B.1.1.329	0	0.627451575249058	0.0335263833547587	0	29.8294790005316	0.53471289132451
B.1.177.34	0	0.642280701754386	0.0398245614035087	0	19.2857142857143	0.339573418955335
B.1.177.77	0	0.61749897329727	0.0374834976431265	0	14.5666666666667	0.318443146188999
AC.1	0	0.646739473518086	0.0458304399974749	0	29.8428571428571	0.51736694276461
AJ.1	0	0.657534246575342	0.0547945205479452	0	31.2857142857143	0.534146341463415
B.1.1.61	0	0.634772305286817	0.0363407602853513	0	28.3888888888889	0.497664014389367
B.1.167	0	0.650248941183563	0.0245625317142527	0	27.2674418604651	0.529019643983904
B.1.375	0	0.623443223443223	0.0223443223443223	0	31.25	0.396464646464647
B.1.415	0	0.643049331369535	0.0269794950022033	0	25.731162981163	0.511608193676566
B.1.36.18	0	0.657142857142857	0.0142857142857143	0	29.5	0.404109589041096
B.1.1.413	0	0.635827664399093	0.0410430839002267	0	30.2619047619048	0.515254253997673
B.1.273	0	0.645573458073458	0.0205734580734581	0	27.75	0.529623154623154
B.1.1.91	0	0.639783137933243	0.0283089884041259	0	29.2444444444445	0.516413359047016
B.1.159	0	0.646810327062911	0.0297182725426123	0	27.75	0.494125218171358
AH.1	0	0.656716417910448	0.0447761194029851	0	30.6	0.550359712230216
B.1.1.330	0	0.64507846618995	0.0368575130776983	0	28.64375	0.508258458735195
B.1.543	0	0.640413586978473	0.0273233975524052	0	29.875	0.473487843623334
B.1.1.325	0	0.648451829985329	0.0337862656678924	0	31.0666666666667	0.537485582468282
B.1.350.1	0	0.65625	0.0234375	0	34.1666666666667	0.468036529680365
B.1.1.129	0	0.656084656084656	0.0317460317460317	0	32.0833333333333	0.55316091954023
B.1.221.3	0	0.652099551781081	0.031355665644413	0	28.5	0.476588628762542
B.1.494	0	0.656028368794326	0.0212765957446809	0	27	0.511661807580175
B.1.330	0	0.656	0.024	0	27	0.511661807580175
B.1.1.49	0	0.656	0.04	0	30.8888888888889	0.526515151515151
B.1.309	0	0.655913978494624	0.010752688172043	0	29.5	0.404109589041096
B.1.36.36	0	0.650668460857972	0.025816419342379	0	37.5357142857143	0.576469173773242
B.1.1.385	0	0.635560675883256	0.0288018433179724	0	30.6607142857142	0.524761543036081
B.1.153	0	0.65587044534413	0.0242914979757085	0	27	0.511661807580175
B.1.1.132	0	0.636328111466009	0.0307297207443217	0	31.3255952380952	0.538497963561262
B.1.611	0	0.655737704918033	0.0245901639344262	0	27	0.511661807580175
B.1.1.200	0	0.641335421013668	0.0365819778531165	0	29.0533333333333	0.519996134060376
B.1.1.436	0	0.639376788966953	0.0363648191517044	0	30.8	0.53502790582364
AM.4	0	0.655737704918033	0.0491803278688525	0	30.6	0.550359712230216
B.1.96	0	0.654182687567781	0.021559348377032	0	27.9803921568627	0.52358092346035
B.1.609	0	0.618289412423063	0.0236615775799279	0	25.5154747213571	0.426169465591325
B.1.1.159	0	0.648669080744552	0.0441522139635347	0	30.4962962962963	0.696842997448534
B.1.1.396	0	0.615702146027572	0.0270030689118649	0	28.92632996633	0.496928998712955
B.1.1.30	0	0.634494378668107	0.0286902776309556	0	30.8561403508772	0.541245960617186
B.1.316	0	0.65527950310559	0.0217391304347826	0	28.5	0.531468531468531
B.1.496	0	0.648019928461931	0.0238758303525805	0	27.9540441176471	0.541450912969127
B.1.1.98	0	0.637609270785353	0.0250203732510055	0	29.6750445632799	0.521847347625185
B.1.103	0	0.655172413793103	0.028735632183908	0	27.8181818181818	0.493548387096774
B.1.36.28	0	0.655172413793103	0.0229885057471264	0	46.75	0.601286173633441
B.1.607	0	0.652945058571192	0.0315954462959908	0	19.5	0.324796421031467
B.1.1.266	0	0.625591711798608	0.0349228538883711	0	29.1791033138402	0.507294684925827
B.1.452	0	0.646453716786198	0.0250602622725385	0	28.8235294117647	0.470079566401359
B.1.177.70	0	0.607892286924545	0.0411720895591863	0	16.6358974358974	0.335575061042351
B.1.429	0	0.629860897160722	0.0239209777710654	0	29.3856704297881	0.459925346576937
B.1.1.43	0	0.654676258992806	0.0359712230215827	0	32.6	0.56401384083045
B.1.328	0	0.651356562953352	0.0183144558880509	0	28.4074074074074	0.481107472343145
B.1.279	0	0.634817483193201	0.0247670936389568	0	26.5707794751273	0.519637271117176
B.1.1.461	0	0.654545454545455	0.0303030303030303	0	32.6	0.56401384083045
B.1.367	0	0.627739648466496	0.0316312647296241	0	31.8777777777778	0.455137813294089
B.1.1.304	0	0.631390487777655	0.0335856403706318	0	30.0362585034013	0.551429399890194
B.1.311	0	0.632473228002374	0.0286482580822344	0	30.6941998602376	0.503297668117372
B.1.93	0	0.64403616062896	0.0200497312196419	0	27.5164565826331	0.524645632175626
B.1.526	0	0.649296606000983	0.0279615237470623	0	26.4531590413943	0.473230665517318
B.1.160.14	0	0.59308182662831	0.0212543536695037	0	28.6666666666667	0.439960328554122
B.1.1.82	0	0.640573174508235	0.0323727293601869	0	28.2901960784314	0.504852363736729
B.1.1.466	0	0.635278265857989	0.0278169852772671	0	28.7126984126984	0.509472747355423
B.1.553	0	0.621697973191935	0.0245833075028669	0	32.1342592592593	0.479811684091064
S.1	0	0.642977294755271	0.0334547817634755	0	29.4013071895425	0.539209341822081
B.1.170	0	0.6311303435615	0.0147370332264117	0	27.9848484848485	0.438225580885946
B.1.142	0	0.642908207034601	0.0198384329425222	0	27.2272727272727	0.455283576808371
B.39	0	0.536565749009105	0.0192060791531272	0	10.1	0.106111750415548
B.1.1.230	0	0.653846153846154	0.0384615384615385	0	30.8888888888889	0.526515151515151
B.1.526.1	0	0.646817391452489	0.0216999692075089	0	36.1458333333333	0.444422052638448
B.1.614	0	0.653250773993808	0.021671826625387	0	28.5	0.531468531468531
B.1.483	0	0.6494254085398	0.021070110701107	0	27.75	0.521565169524353
B.1.490	0	0.653061224489796	0.0204081632653061	0	28.4705882352941	0.529540481400438
B.1.1.280	0	0.644712430426716	0.0317717996289425	0	29.2747747747747	0.56694587628866
B.1.565	0	0.641372533843067	0.0244410570154144	0	30.4640269151139	0.49953593850158
B.1.277	0	0.652892561983471	0.0247933884297521	0	27	0.511661807580175
B.1.268	0	0.652892561983471	0.0247933884297521	0	27	0.511661807580175
B.1.1.417	0	0.652892561983471	0.0413223140495868	0	30.8888888888889	0.526515151515151
B.1.282	0	0.652439024390244	0.0304878048780488	0	28.5	0.476588628762542
B.59	0	0.622790380202257	0.0366487420496955	0	26.6347909534184	0.481490545812029
B.1.168	0	0.652360515021459	0.0257510729613734	0	27	0.511661807580175
B.1.165	0	0.63656092372276	0.0272483461767734	0	31.072	0.47872852747719
B.1.281	0	0.637007002096865	0.0236570949640179	0	27.9966509356728	0.520442764096073
B.1.1.101	0	0.630819305592103	0.0310194488916021	0	31.1895202020202	0.580894217136065
B.1.1.452	0	0.635258554154875	0.0365320298430666	0	28.2444444444445	0.509586294746899
B.1.1.208	0	0.632463599870192	0.0326838400280582	0	31.0711111111111	0.550390847967374
AA.1	0	0.632713884992987	0.0418225027271311	0	6.93333333333333	0.167257857917036
B.1.248	0	0.651898734177215	0.0316455696202532	0	28.5	0.476588628762542
B.1.329	0	0.651685393258427	0.0112359550561798	0	29.5	0.404109589041096
B.1.500	0	0.651515151515151	0.0212121212121212	0	28.5	0.531468531468531
B.1.9.3	0	0.649286987522282	0.0149286987522282	0	29.5	0.404109589041096
B.1.568	0	0.651452282157676	0.024896265560166	0	27	0.511661807580175
B.1.284	0	0.638514176651478	0.0236244702706005	0	26.540864867159	0.53748590959344
B.1.516	0	0.639301837348171	0.0249822465548201	0	27.6297297297297	0.510989330870646
B.1.585	0	0.651234567901235	0.0216049382716049	0	28.5	0.531468531468531
B.1.475	0	0.651162790697674	0.020671834625323	0	28.4705882352941	0.529540481400438
B.1.258.21	0	0.651162790697674	0.0232558139534884	0	29.5	0.404109589041096
B.1.1.130	0	0.651162790697674	0.0290697674418605	0	32.6	0.56401384083045
B.1.177.67	0	0.603309692671395	0.0405437352245863	0	21.3	0.431506579465763
B.1.94	0	0.640241405064003	0.0220462396153451	0	27.1561340752517	0.533844198945322
B.1.177.16	0	0.605211558307533	0.0504127966976264	0	11.175	0.242508830229984
B.1.530	0	0.647179003614648	0.0204830006810205	0	24.2352941176471	0.446588422518401
B.1.1.177	0	0.637948979591837	0.0277318594104308	0	29.0804738562091	0.516286202060281
B.1.313	0	0.643473923641106	0.0218748456586612	0	27.5601915184678	0.533850999181882
B.1.203	0	0.637646482378826	0.0225485917456006	0	30.8884803921569	0.491387586509362
B.1.563	0	0.650273224043716	0.0327868852459016	0	33.3846153846154	0.563636363636364
B.1.158	0	0.650273224043716	0.0218579234972678	0	28.4705882352941	0.529540481400438
B.1.287	0	0.645342669011858	0.0231438057286318	0	26.7161319073084	0.515589441861716
B.1.6	0	0.646621621621622	0.0328828828828829	0	25.5833333333333	0.478939157566303
B.1.212	0	0.644987440054807	0.0249010428560554	0	26.982905982906	0.522533730515214
B.1.1.55	0	0.65	0.0357142857142857	0	32.6	0.56401384083045
B.1.1.256	0	0.65	0.0416666666666667	0	30.8888888888889	0.526515151515151
B.1.1.438	0	0.637	0.0326666666666666	0	29.8666666666666	0.544043772032903
C.26	0	0.65	0.05	0	28	1
B.1.285	0	0.647137619853356	0.0206570783981951	0	29.156862745098	0.44591988649421
B.1.1.161	0	0.634467072562776	0.0332322932258026	0	27.1331060606061	0.475989224290217
B.1.354	0	0.64957264957265	0.0199430199430199	0	28.5	0.531468531468531
B.1.1.15	0	0.632641719765537	0.027064792887422	0	31.2452380952381	0.537227951998347
B.1.323	0	0.641341991341991	0.022362012987013	0	27	0.519719792678976
B.1.508	0	0.649350649350649	0.025974025974026	0	27	0.511661807580175
B.1.466	0	0.609495009032036	0.0103733769677428	0	29.5	0.404109589041096
C.29	0	0.604338104338104	0.0261128011128011	0	35.1761904761905	0.678269506465026
B.1.1.231	0	0.640874701622365	0.0431079823603188	0	28.6428571428571	0.508756145291394
B.1.1.444	0	0.649122807017544	0.0292397660818713	0	32.6	0.56401384083045
B.1.357	0	0.648809523809524	0.0357142857142857	0	26	0.478527607361963
B.1.545	0	0.646543784100988	0.0232333009635778	0	28.4208683473389	0.536911045571306
B.1.1.310	0	0.616885808811224	0.0261625271470022	0	29.1159090909091	0.494994250691112
B.1.160.26	0	0.645495430346357	0.0224556981204846	0	27.8333333333333	0.475811068067149
B.1.1.344	0	0.648275862068965	0.0344827586206897	0	32.6	0.56401384083045
B.1.264.1	0	0.648148148148148	0.0308641975308642	0	28.5	0.476588628762542
B.1.1.282	0	0.616639891231826	0.0262741005911335	0	28.1248234221919	0.484597589035679
B.1.432	0	0.641060942189743	0.0281678193918831	0	26.0814479638009	0.489260036618587
B.1.1.88	0	0.619319917053512	0.0263078887063405	0	27.9740151515152	0.479267876318838
B.1.404	0	0.619773147154682	0.0280693647406486	0	27.7536828036828	0.479387124243078
B.1.177.83	0	0.60611351733733	0.0330622590811958	0	6.46666666666667	0.110799935111167
B.1.1.31	0	0.623785660728281	0.0306596158973675	0	28.7028300865801	0.498237244987077
B.1.1.387	0	0.627045236740628	0.0284292361924912	0	29.4409226190476	0.505723844783622
C.36.2	0	0.647058823529412	0.0588235294117647	0	28	1
B.1.177.56	0	0.541013535404153	0.0358008121706573	0	1.86928104575164	0.0377063766683144
B.1.476	0	0.643242706299086	0.0217817680725692	0	27.8071428571428	0.540488174246136
B.1.1.72	0	0.646788990825688	0.036697247706422	0	28.4	0.500587544065805
B.1.1.296	0	0.646666666666667	0.0333333333333333	0	32.6	0.56401384083045
B.1.225	0	0.63834273203157	0.024023135089586	0	26.5661231884058	0.528388797647208
B.1.605	0	0.640099793111842	0.0197395643178776	0	24.2352941176471	0.446588422518401
B.1.1.134	0	0.632615737167945	0.040791724545969	0	29.5191919191919	0.520170930805912
B.1.1.323	0	0.646258503401361	0.0340136054421769	0	32.6	0.56401384083045
B.1.177.31	0	0.59767012598937	0.0333497054074749	0	17.9818181818182	0.371212398922837
AH.2	0	0.646153846153846	0.0461538461538462	0	30.6	0.550359712230216
B.1.199	0	0.61223227042286	0.0163777580942505	0	28.2386363636364	0.453669185664459
B.1.1.427	0	0.629649833748961	0.0298299390412857	0	29.9842105263158	0.529862020510554
B.1.1.362	0	0.645714285714286	0.0285714285714286	0	32.6	0.56401384083045
B.1.280	0	0.625275925972126	0.0172015903551759	0	20.3695652173913	0.370933414411676
B.1.509	0	0.630120010398709	0.0209367713386426	0	30.671765361663	0.527381568547892
B.1.1.337	0	0.645161290322581	0.0537634408602151	0	30.8888888888889	0.526515151515151
AE.4	0	0.587286527514231	0.107210626185958	0	27.5416666666667	0.500271739130435
B.1.497	0	0.645089285714286	0.0178571428571429	0	28.4705882352941	0.529540481400438
B.3	0	0.645	0.02	0	28.4705882352941	0.529540481400438
B.1.1.285	0	0.636202365056935	0.0326792794747027	0	29.45	0.516444118256966
B.1.1.370	0	0.625558419990934	0.0334776260222969	0	28.3178780284043	0.500200892405835
B.1.264	0	0.637250424797163	0.0263464916040737	0	27.6984126984127	0.493029655259481
B.1.242	0	0.644444444444444	0.0333333333333333	0	25.5833333333333	0.478939157566303
B.1.294	0	0.644444444444444	0.0266666666666667	0	27	0.511661807580175
B.1.1.364	0	0.630818472100846	0.0283463521714996	0	29.1103260869565	0.50890228094579
B.1.1.62	0	0.631357922462779	0.0320569061899441	0	29.3208333333333	0.513730887934411
B.1.181	0	0.644230769230769	0.0288461538461538	0	27	0.511661807580175
B.1.276	0	0.637901597992594	0.0221031660067995	0	27.0015765765766	0.535007459500695
B.1.1.345	0	0.628627304898491	0.029037064630285	0	31.0984848484849	0.554302570990023
B.1.1.386	0	0.629198448228724	0.029334788269457	0	28.6422558922559	0.497987172482826
B.1.1.484	0	0.630696378250136	0.0315689887921299	0	26.9921296296296	0.478519208856521
B.1.1.38	0	0.636864115857407	0.0389204146991444	0	28.2202380952381	0.488820250647922
B.1.486	0	0.642635540636761	0.0233318075475537	0	27.75	0.521565169524353
B.1.442	0	0.64367816091954	0.0114942528735632	0	29.5	0.404109589041096
B.1.1.367	0	0.638043347381096	0.031264298615292	0	26.6875	0.466157205240175
B.1.1.467	0	0.63308001397624	0.0319956074673056	0	27.1444444444444	0.484700210664693
B.1.1.414	0	0.643518518518518	0.037037037037037	0	28.4	0.500587544065805
B.1.488	0	0.643454038997215	0.0222841225626741	0	28.4705882352941	0.529540481400438
B.1.559	0	0.642707644855695	0.0245373430270985	0	27.75	0.521565169524353
B.1.205	0	0.639993229137279	0.0256107882412684	0	26.2916666666667	0.503358467672041
B.1.1.290	0	0.632588494257494	0.0299279663597558	0	27.0042613636364	0.467614834091298
B.1.1.242	0	0.639694390115412	0.0255272988722466	0	27.5643239854081	0.514025055676082
B.1.128	0	0.63891038318827	0.0224130177576422	0	27.2561649458495	0.534686469595257
B.23	0	0.524292493191739	0.0242576039633565	0	18.3666666666666	0.284516303979391
B.1.1.48	0	0.642857142857143	0.0321428571428571	0	26.6875	0.466157205240175
B.1.1.16	0	0.642339544513458	0.0324706694271912	0	29.2291666666667	0.51025286337881
B.1.1.25	0	0.614966936248757	0.0356451077720667	0	29.2947330447331	0.514554221410988
B.1.177.85	0	0.613095238095238	0.0386904761904762	0	6.33333333333335	0.136029411764706
B.1.81	0	0.642512077294686	0.0289855072463768	0	27	0.511661807580175
B.1.1.356	0	0.625737696375508	0.0237072490030025	0	28.9448484848485	0.523376702825923
B.1.1.315	0	0.618220882926417	0.0359828866641853	0	28.4380811418855	0.568361496221497
B.1.1.405	0	0.627446650472768	0.0337713046795013	0	28.4478609625668	0.486248183821824
B.1.238	0	0.632800496393653	0.026254149457813	0	28.2102813852814	0.480064165051346
B.1.487	0	0.631076432992601	0.0255501118974173	0	28.1258503401361	0.492637104772248
B.1.1.154	0	0.638253638253639	0.0361226611226611	0	30.5	0.532300692448127
B.1.1.158	0	0.639301840073797	0.0290430645239598	0	27.05	0.491381952145473
B.1.602	0	0.637237117677184	0.023284066939018	0	27.0140745140745	0.539900986995222
B.1.589	0	0.634359252216426	0.020208893214692	0	25.8786749482402	0.529931432890337
B.1.1.107	0	0.641618497109827	0.0289017341040462	0	32.6	0.56401384083045
B.1.1.257	0	0.625480161506081	0.0271897205552078	0	30.2772727272728	0.518000780737558
B.1.77	0	0.64010339087006	0.0237010426706388	0	27.7352941176471	0.520601144490306
B.1.1.342	0	0.639696652969279	0.0274472746016064	0	26.9518581081081	0.506274478908747
B.1.1.347	0	0.633730221196855	0.0336174533614914	0	29.1569023569024	0.520005102686926
B.1.1.138	0	0.641509433962264	0.0377358490566038	0	31.3333333333333	0.5875
B.1.254	0	0.641414141414141	0.0303030303030303	0	27	0.511661807580175
B.1.240	0	0.625353488502338	0.0241561734979313	0	24.9568376068376	0.505367166968453
B.1.1.485	0	0.629095312431055	0.0336377360471649	0	27.7609892787524	0.493989984700506
B.1.36.23	0	0.641025641025641	0.0128205128205128	0	29.5	0.404109589041096
B.1.1.255	0	0.620793896893863	0.0295225938562565	0	29.1668137254902	0.522642942145229
B.1.342	0	0.640776699029126	0.0194174757281553	0	20	0.363636363636364
B.1.372	0	0.640718562874252	0.029940119760479	0	28.5	0.476588628762542
B.1.83	0	0.636132934714594	0.0276785093513176	0	26.2660256410256	0.511608366975798
B.1.162	0	0.618558114035088	0.0121984649122807	0	29.5	0.404109589041096
AM.2	0	0.640625	0.046875	0	30.6	0.550359712230216
B.1.1.506	0	0.640381704152249	0.0311959342560554	0	29.0104166666667	0.526828602620087
B.1.36.25	0	0.640449438202247	0.0224719101123595	0	46.75	0.601286173633441
B.1.458	0	0.640449438202247	0.0224719101123595	0	23.25	0.434579439252336
B.1.546	0	0.635063923250642	0.0214546682471365	0	26.4964763918252	0.526870940913686
B.1.1.429	0	0.640287769784173	0.0323741007194245	0	26.6875	0.466157205240175
B.1.539	0	0.64018691588785	0.0280373831775701	0	27	0.511661807580175
D.4	0	0.64	0.08	0	31.3333333333333	0.5875
B.1.1.114	0	0.63986013986014	0.0314685314685315	0	26.6875	0.466157205240175
B.1.251	0	0.639810426540284	0.028436018957346	0	27	0.511661807580175
B.1.1.92	0	0.639705882352941	0.0330882352941176	0	26.6875	0.466157205240175
B.1.448	0	0.639423076923077	0.0264423076923077	0	27.4375	0.553361344537815
B.1.1.116	0	0.630452156801412	0.0306650757895825	0	28.2361111111111	0.50660480349345
B.1.1.213	0	0.639175257731959	0.0309278350515464	0	32.0833333333333	0.55316091954023
B.1.344	0	0.625067750677507	0.0263324299909665	0	29.1833333333334	0.456760676873489
B.1.1.139	0	0.623824137441372	0.0303719361244517	0	29.2272727272727	0.502144206546397
B.1.1.352	0	0.632631257631257	0.0310973748473749	0	29.2444444444445	0.516413359047016
B.1.426	0	0.633478674488664	0.0198311400031711	0	27.6272727272728	0.537468932381632
B.1.70	0	0.638392857142857	0.0267857142857143	0	27	0.511661807580175
B.1.1.447	0	0.638376383763838	0.033210332103321	0	26.6875	0.466157205240175
B.1.531	0	0.626255535154985	0.0286478021384599	0	29.7258771929825	0.524435559865444
B.1.1.119	0	0.638095238095238	0.0380952380952381	0	28.4	0.500587544065805
B.1.361	0	0.606199559794571	0.0203365737344094	0	34.75	0.478535353535353
B.1.1.435	0	0.637931034482759	0.0310344827586207	0	26.6875	0.466157205240175
B.1.1.193	0	0.637931034482759	0.028735632183908	0	32.6	0.56401384083045
B.1.1.424	0	0.637931034482759	0.0344827586206897	0	31.3333333333333	0.5875
B.1.1.127	0	0.637873754152824	0.0299003322259136	0	26.6875	0.466157205240175
B.1.37	0	0.628996438298764	0.0278441231929604	0	24.6916666666666	0.449716928606473
B.1.1.407	0	0.637735849056604	0.0339622641509434	0	26.6875	0.466157205240175
B.1.163	0	0.6375	0.0125	0	29.5	0.404109589041096
B.1.1.203	0	0.629648386673498	0.0326952544413074	0	27.0833333333333	0.46988179575922
B.1.1.360	0	0.62960481005659	0.0337878199065289	0	26.8784722222222	0.466941781309168
B.1.552	0	0.637254901960784	0.0294117647058824	0	27	0.511661807580175
B.1.184	0	0.60904895062842	0.0346057089021188	0	36.3333333333333	0.541997354497355
B.1.1.419	0	0.629373305074903	0.033714990224057	0	29.8	0.521729642987353
B.1.1.358	0	0.636792452830189	0.0377358490566038	0	28.4	0.500587544065805
B.1.1.120	0	0.63677130044843	0.0358744394618834	0	28.4	0.500587544065805
B.1.1.410	0	0.636752136752137	0.0384615384615385	0	28.7647058823529	0.500511770726714
B.1.1.482	0	0.636678200692042	0.0311418685121107	0	26.6875	0.466157205240175
B.1.36.12	0	0.636363636363636	0.0227272727272727	0	46.75	0.601286173633441
B.1.1.147	0	0.636363636363636	0.0346320346320346	0	28.4375	0.516458569807037
B.1.1.400	0	0.636363636363636	0.0330578512396694	0	28.4	0.500587544065805
C.8	0	0.591394716394716	0.0348096348096348	0	28.1333333333333	0.833529181355268
B.1.1.366	0	0.595959595959596	0.101010101010101	0	29.6666666666667	0.79375
B.1.177.20	0	0.636363636363636	0.0454545454545455	0	1	0.0147058823529412
B.1.1.394	0	0.635922330097087	0.0388349514563107	0	28.4	0.500587544065805
B.1.117	0	0.627888030489013	0.0310176263150802	0	25.5833333333333	0.478939157566303
B.1.1.328	0	0.63573883161512	0.0309278350515464	0	26.6875	0.466157205240175
B.1.1.353	0	0.635687732342007	0.033457249070632	0	26.6875	0.466157205240175
B.1.580	0	0.630581915720934	0.0197257397277983	0	25.6363636363637	0.51356430230969
B.1.1.318	0	0.62893657606104	0.0370910824988079	0	28.5235294117647	0.5005507093402
B.1.1.87	0	0.635483870967742	0.0290322580645161	0	26.6875	0.466157205240175
B.1.233	0	0.635359116022099	0.0331491712707182	0	25.5833333333333	0.478939157566303
B.1.1.361	0	0.635294117647059	0.0313725490196078	0	28.4	0.500587544065805
B.1.1.343	0	0.628806006051629	0.0319166445111221	0	27.1631944444444	0.492635723535309
B.1.1.251	0	0.625700901908069	0.0304328182803854	0	28.3657342657343	0.498387557648794
B.1.1.169	0	0.633821345845459	0.0291085110174022	0	27.8081081081081	0.523489648321563
B.1.1.463	0	0.63454800846021	0.0321617127080744	0	29.5125	0.517761020941199
B.1.1.395	0	0.634782608695652	0.0391304347826087	0	26.6875	0.484676503972758
B.1.1.349	0	0.634703196347032	0.0365296803652968	0	28.4	0.500587544065805
B.1.1.324	0	0.634375	0.034375	0	25.1	0.470919324577861
B.1.1.408	0	0.619866091033775	0.0270892028295194	0	27.3210227272727	0.46907246294242
B.1.1.514	0	0.634042553191489	0.0340425531914894	0	28.4	0.500587544065805
B.1.1.109	0	0.633928571428571	0.0357142857142857	0	28.4	0.500587544065805
B.1.495	0	0.633484162895928	0.0271493212669683	0	27	0.511661807580175
B.1.1.202	0	0.625230895532599	0.0314907299719505	0	27.54375	0.48337237465299
B.1.599	0	0.59047619047619	0.0217086834733894	0	34.2976190476191	0.477602318773144
B.1.1.112	0	0.633333333333333	0.03	0	26.6875	0.466157205240175
B.1.177.69	0	0.550492831541219	0.0426971326164874	0	1	0.0147058823529412
U.3	0	0.633333333333333	0.0333333333333333	0	1	0.0147058823529412
B.1.304	0	0.633165829145729	0.0301507537688442	0	27	0.511661807580175
B.1.160.31	0	0.632911392405063	0.0126582278481013	0	29.5	0.404109589041096
B.1.1.399	0	0.620279593318809	0.0285617614048987	0	26.0186403508772	0.46402002030843
B.1.1.201	0	0.632575757575758	0.0340909090909091	0	26.6875	0.466157205240175
B.1.513	0	0.632124352331606	0.0310880829015544	0	25.5833333333333	0.478939157566303
B.1.1.97	0	0.632124352331606	0.0310880829015544	0	32.0833333333333	0.55316091954023
B.1.1.95	0	0.622474309215024	0.0276103625635038	0	31.6311188811189	0.533659229972139
B.1.1.275	0	0.631840796019901	0.0398009950248756	0	28.4	0.500587544065805
B.1.1.422	0	0.62821629713248	0.0313991582718806	0	27.1444444444444	0.484700210664693
B.1.1.145	0	0.618157415396414	0.0271232937324396	0	28.1772727272728	0.486287632355235
B.1.1.359	0	0.621266512009217	0.0282170414088732	0	25.8888888888889	0.468812877263582
B.1.1.346	0	0.631578947368421	0.0338345864661654	0	26.6875	0.466157205240175
B.1.1.456	0	0.627241987650691	0.0315103400960502	0	28.6111111111111	0.528156438631791
C.14	0	0.590789473684211	0.0513157894736842	0	28	1
B.1.1.403	0	0.629692593008879	0.0336770821625267	0	27.1444444444444	0.484700210664693
B.1.1.17	0	0.631178707224335	0.0342205323193916	0	26.6875	0.466157205240175
B.1.1.271	0	0.621308477078999	0.0290707430028861	0	25.8888888888889	0.468812877263582
B.1.1.122	0	0.612187538464911	0.0247628875366102	0	27.2659932659933	0.470929439517638
G.1	0	0.630434782608696	0.0217391304347826	0	29.5	0.404109589041096
B.1.1.90	0	0.630434782608696	0.031055900621118	0	25.8888888888889	0.468812877263582
B.1.1.336	0	0.630331753554502	0.037914691943128	0	28.4	0.500587544065805
B.1.1.100	0	0.63013698630137	0.0308219178082192	0	26.6875	0.466157205240175
B.1.177.49	0	0.63013698630137	0.0547945205479452	0	18.5714285714286	0.398773006134969
B.1.1.249	0	0.62992125984252	0.031496062992126	0	28.4	0.500587544065805
B.1.1.350	0	0.62305294788723	0.0273649832603849	0	26.6286549707603	0.48226153872712
B.1.467	0	0.62962962962963	0.0123456790123457	0	29.5	0.404109589041096
U.1	0	0.62962962962963	0.037037037037037	0	1	0.0147058823529412
B.1.1.136	0	0.629268292682927	0.0390243902439024	0	28.4	0.500587544065805
B.1.1.512	0	0.627979771684215	0.0365652358363222	0	30.3555555555555	0.558529181355268
B.1.1.483	0	0.629166666666667	0.0333333333333333	0	28.4	0.500587544065805
B.1.1.451	0	0.629032258064516	0.0290322580645161	0	26.6875	0.466157205240175
B.1.1.423	0	0.616800931402925	0.0263928792744071	0	27.3210227272727	0.46907246294242
B.1.1.175	0	0.628834355828221	0.0306748466257669	0	25.8888888888889	0.468812877263582
B.1.1.155	0	0.62876254180602	0.0301003344481605	0	26.6875	0.466157205240175
B.1.1.374	0	0.628458498023715	0.0316205533596838	0	28.4	0.500587544065805
B.1.1.182	0	0.628205128205128	0.0288461538461538	0	26.6875	0.466157205240175
B.1.1.178	0	0.628140703517588	0.0351758793969849	0	29.6923076923077	0.50064850843061
B.1.1.152	0	0.627906976744186	0.0348837209302326	0	26.6875	0.466157205240175
B.1.177.79	0	0.583630897708496	0.0246775598725688	0	1.90740740740741	0.0308823529411765
B.1.1.338	0	0.627450980392157	0.0392156862745098	0	28.4	0.500587544065805
B.1.1.404	0	0.627118644067797	0.0338983050847458	0	28.4	0.500587544065805
B.1.1.481	0	0.627118644067797	0.0338983050847458	0	28.4	0.500587544065805
B.1.542	0	0.610768799887971	0.022300798207534	0	23.4583333333333	0.510656019461117
B.1.97	0	0.626943005181347	0.0310880829015544	0	25.5833333333333	0.478939157566303
B.1.1.379	0	0.625897129186603	0.0369958988380041	0	29.8666666666666	0.544043772032903
B.1.173	0	0.626262626262626	0.0353535353535354	0	29.6923076923077	0.50064850843061
B.1.1.142	0	0.608705408721921	0.0242834917001321	0	27.6593271056429	0.482375543164357
B.1.1.197	0	0.625984251968504	0.031496062992126	0	28.4	0.500587544065805
B.1.1.110	0	0.625730994152047	0.0292397660818713	0	25.8888888888889	0.468812877263582
B.1.1.13	0	0.615107809022	0.0282253560111781	0	28.9587301587301	0.49777062570989
B.1.1.449	0	0.625386996904025	0.0309597523219814	0	25.8888888888889	0.468812877263582
B.1.540	0	0.625	0.0267857142857143	0	27	0.511661807580175
B.1.211	0	0.625	0.03125	0	25.5833333333333	0.478939157566303
B.1.564.1	0	0.625	0.03125	0	42.5	0.429292929292929
B.1.1.446	0	0.625	0.0277777777777778	0	25.8888888888889	0.468812877263582
C.36.1	0	0.625	0.0625	0	28	1
B.1.177.73	0	0.625	0.03125	0	1	0.0147058823529412
AA.5	0	0.625	0.0625	0	1	0.0147058823529412
B.1.1.516	0	0.624615384615385	0.0307692307692308	0	25.8888888888889	0.468812877263582
B.1.1.381	0	0.623931623931624	0.0284900284900285	0	25.8888888888889	0.468812877263582
B.1.1.185	0	0.623853211009174	0.0305810397553517	0	25.8888888888889	0.468812877263582
B.1.1.84	0	0.623493975903614	0.0301204819277108	0	25.8888888888889	0.468812877263582
B.1.177.74	0	0.613677536231884	0.0477807971014493	0	15.65	0.390156549992616
B.1.1.430	0	0.616400036502243	0.0278996469109977	0	27.563492063492	0.482587521897757
B.1.1.357	0	0.622857142857143	0.0285714285714286	0	25.8888888888889	0.468812877263582
B.1.1.437	0	0.622448979591837	0.0306122448979592	0	32.0833333333333	0.55316091954023
B.1.1.77	0	0.622317596566524	0.0343347639484979	0	28.4	0.500587544065805
B.1.1.327	0	0.621301775147929	0.029585798816568	0	25.8888888888889	0.468812877263582
B.28	0	0.596059113300492	0.0315270935960592	0	31.25	0.345365418894831
C.18	0	0.583820154299737	0.0431959082911098	0	28.2	0.750293772032902
B.1.258.16	0	0.619047619047619	0.0238095238095238	0	29.5	0.404109589041096
AA.3	0	0.619047619047619	0.0476190476190476	0	1	0.0147058823529412
B.1.1.162	0	0.618256531121348	0.0276625702085979	0	25.8888888888889	0.468812877263582
B.1.1.283	0	0.618279569892473	0.0268817204301075	0	25.8888888888889	0.468812877263582
Y.1	0	0.596702317290553	0.0298573975044564	0	1	0.0147058823529412
B.1.1.426	0	0.616641055532006	0.0297177476331779	0	25.8888888888889	0.468812877263582
A.15	0	0.616666666666667	0.0166666666666667	0	23.5	0.385245901639344
C.30.1	0	0.615384615384615	0.0769230769230769	0	28	1
B.1.177.33	0	0.612570356472796	0.0314258911819887	0	1	0.0147058823529412
B.1.177.37	0	0.603610675039246	0.0332810047095762	0	8.3	0.183028616852146
B.1.177.10	0	0.541552650784568	0.0460295980283064	0	5.64930555555556	0.142829040383926
B.4	0	0.556451612903226	0.0225392886683209	0	22.25	0.227304692494566
B.1.1.465	0	0.611374407582938	0.0260663507109005	0	26.05	0.455818022747157
AA.8	0	0.611111111111111	0.0555555555555556	0	1	0.0147058823529412
B.1.1.388	0	0.607271236191337	0.024092089165074	0	28.2282467532468	0.479550733426048
A.5	0	0.560968604407848	0.0277862688964376	0	18.0926704014939	0.459518265999611
B.1.177.82	0	0.585242450638792	0.0243975029036005	0	1	0.0147058823529412
C.11	0	0.608695652173913	0.0434782608695652	0	28	1
AA.2	0	0.588980111008326	0.0495104841196423	0	5.80555555555557	0.155933463432766
B.1.177.59	0	0.597688696280245	0.0506049115204045	0	16.4395604395605	0.386886503067485
B.1.177.48	0	0.578210192373037	0.0349306154543157	0	8.00192307692307	0.208343378334941
AE.3	0	0.595856777493606	0.0701278772378515	0	30.3066666666667	0.543579351535836
B.1.177.61	0	0.602739726027397	0.0547945205479452	0	18.5714285714286	0.398773006134969
B.1.177.3	0	0.585460772104607	0.0319115815691158	0	8.3	0.183028616852146
B.1.177.38	0	0.57771164021164	0.0499338624338625	0	15.65	0.390156549992616
B.29	0	0.564705882352941	0.0273529411764706	0	22.25	0.227304692494566
B.1.177.47	0	0.591358024691358	0.0542441963494595	0	15.6592592592593	0.369472329472329
B.1.177.72	0	0.588888888888889	0.0361111111111111	0	1	0.0147058823529412
B.1.177.36	0	0.593183067619571	0.0454233095107201	0	15.65	0.390156549992616
W.3	0	0.566204642776651	0.0417230110434979	0	5.9	0.152791171113254
B.1.177.28	0	0.597014925373134	0.0447761194029851	0	15.6	0.351351351351351
B.1.177.78	0	0.596153846153846	0.0576923076923077	0	15.6	0.351351351351351
B.1.177.27	0	0.560259344012204	0.0348970251716247	0	8.3	0.183028616852146
B.1.160.28	0	0.594202898550725	0.0434782608695652	0	15.6	0.351351351351351
B.31	0	0.541453559537799	0.025393776929103	0	11.875	0.123030240659138
B.11	0	0.557764186204553	0.0368671423717295	0	34.9642857142857	0.42379679144385
C.4	0	0.578904991948471	0.0402576489533011	0	28	1
B.1.177.46	0	0.591549295774648	0.0563380281690141	0	18.5714285714286	0.398773006134969
B.1.177.41	0	0.579932122384953	0.0414815792174283	0	10.3025641025641	0.247019077901431
B.1.177.63	0	0.44503367003367	0.0968013468013469	0	12.6925925925926	0.432141556075982
C.3	0	0.571895424836601	0.0571895424836601	0	28	1
B.1.177.66	0	0.587301587301587	0.0476190476190476	0	15.6	0.351351351351351
B.1.177.71	0	0.587301587301587	0.0476190476190476	0	15.6	0.351351351351351
C.13	0	0.586206896551724	0.0344827586206897	0	28	1
B.1.177.40	0	0.578916262286923	0.038524947119572	0	9.45555555555557	0.233673524054431
B.1.177.80	0	0.583333333333333	0.05	0	15.6	0.351351351351351
V.2	0	0.582875457875458	0.0691391941391941	0	8.35	0.221833815493411
B.4.7	0	0.580645161290323	0.032258064516129	0	42.5	0.429292929292929
B.1.177.84	0	0.555157397038696	0.0276575007258098	0	5.86666666666667	0.126921038685744
B.10	0	0.538644789655912	0.0261038085608359	0	21.0654761904762	0.280308046558727
C.19	0	0.575757575757576	0.0303030303030303	0	28	1
B.1.177.25	0	0.573770491803279	0.0491803278688525	0	15.6	0.351351351351351
B.1.468	0	0.571428571428571	0.00952380952380952	0	29.5	0.404109589041096
A.23	0	0.571428571428571	0.0285714285714286	0	42.5	0.429292929292929
C.21	0	0.55952380952381	0.0476190476190476	0	28	1
C.10	0	0.571428571428571	0.0238095238095238	0	28	1
C.6	0	0.557453416149068	0.0421472937000887	0	16	0.359550561797753
B.1.177.39	0	0.568965517241379	0.0517241379310345	0	15.6	0.351351351351351
B.19	0	0.568181818181818	0.0227272727272727	0	42.5	0.429292929292929
C.25	0	0.567567567567568	0.027027027027027	0	28	1
C.31	0	0.545238095238096	0.0404761904761905	0	28	1
B.37	0	0.564102564102564	0.0256410256410256	0	42.5	0.429292929292929
B.1.379	0	0.561643835616438	0.0410958904109589	0	15.6	0.351351351351351
W.2	0	0.56	0.04	0	1	0.0147058823529412
C.32	0	0.558823529411765	0.0294117647058824	0	28	1
B.15	0	0.558139534883721	0.0232558139534884	0	42.5	0.429292929292929
B.1.14	0	0.555555555555556	0.0277777777777778	0	42.5	0.429292929292929
B.1.160.17	0	0.555555555555556	0.111111111111111	0	34	0.414634146341463
B.55	0	0.520433300091528	0.0245190262297535	0	19.85	0.299553482829807
C.33	0	0.552631578947368	0.0263157894736842	0	28	1
A.7	0	0.548387096774194	0.0161290322580645	0	2	0.0253164556962025
B.35	0	0.538344491783324	0.0302799756542909	0	31.05	0.395458272764545
B.30	0	0.547619047619048	0.0238095238095238	0	42.5	0.429292929292929
B.50	0	0.546875	0.015625	0	2	0.0253164556962025
C.23	0	0.543560606060606	0.0321969696969697	0	28	1
C.27	0	0.541666666666667	0.0416666666666667	0	28	1
B.43	0	0.537313432835821	0.0149253731343284	0	2	0.0253164556962025
B.34	0	0.536585365853659	0.024390243902439	0	42.5	0.429292929292929
C.7	0	0.535714285714286	0.0357142857142857	0	28	1
C.1.1	0	0.533333333333333	0.0666666666666667	0	28	1
B.1.177.14	0	0.53125	0.046875	0	15.6	0.351351351351351
B.57	0	0.529411764705882	0.0294117647058824	0	42.5	0.429292929292929
C.5	0	0.529411764705882	0.0294117647058824	0	28	1
C.20	0	0.527777777777778	0.0277777777777778	0	28	1
B.52	0	0.526315789473684	0.0263157894736842	0	42.5	0.429292929292929
A.25	0	0.523076923076923	0.0153846153846154	0	2	0.0253164556962025
C.22	0	0.522727272727273	0.0227272727272727	0	28	1
B.1.139	0	0.52112676056338	0.0140845070422535	0	2	0.0253164556962025
B.61	0	0.509036144578313	0.0181457537466941	0	7.16666666666665	0.136819301673605
C.28	0	0.516129032258065	0.032258064516129	0	28	1
B.46	0	0.513513513513513	0.027027027027027	0	42.5	0.429292929292929
B.1.177.26	0	0.513513513513513	0.027027027027027	0	1	0.0147058823529412
B.40	0	0.513157894736842	0.0131578947368421	0	2	0.0253164556962025
B.3.1	0	0.503011204481793	0.0236694677871149	0	12.3333333333333	0.248322147651007
A.6	0	0.51063829787234	0.0106382978723404	0	26.5	0.395522388059701
B.47	0	0.509803921568627	0.0196078431372549	0	12.3333333333333	0.248322147651007
B.42	0	0.497191745036573	0.0228578892371996	0	12.3333333333333	0.248322147651007
B.56	0	0.4875	0.0125	0	2	0.0253164556962025
A.2.3	0	0.486486486486487	0.0135135135135135	0	2	0.0253164556962025
B.6.3	0	0.481012658227848	0.0126582278481013	0	2	0.0253164556962025
B.1.160.33	0	0.428571428571429	0.142857142857143	0	14	0.333333333333333
B.1.177.64	0	0.285714285714286	0.142857142857143	0	24	0.545454545454545
